attendance_rate,avg_lab_hours_per_week,assignments_completed,avg_submission_delay_days,internal_marks,device_login_frequency,late_night_activity_ratio,quiz_performance_trend,lab_resource_utilization_score,peer_collaboration_score,risk_label
82.45,10.34,6,4.5,71.43,6.21,0.432,-0.35,70.64,74.31,0
72.93,6.35,4,5.28,41.7,5.17,0.387,1.37,62.95,65.64,1
84.72,5.55,7,7.45,54.02,6.1,0.293,-0.64,54.09,68.68,1
97.85,7.99,4,5.6,61.0,5.26,0.272,0.85,45.19,47.69,0
71.49,7.49,8,0.63,60.7,4.98,0.188,-0.86,62.25,69.52,0
71.49,6.64,5,1.43,84.56,5.57,0.518,-0.84,57.55,69.92,0
98.69,10.09,7,0.39,47.03,9.3,0.287,1.18,60.07,75.07,0
86.51,10.87,5,3.28,52.87,4.05,0.517,0.44,80.92,60.07,1
67.96,8.27,8,4.39,75.43,9.11,0.323,-2.16,55.05,64.9,0
83.14,12.43,5,3.81,72.76,6.7,0.307,-0.85,55.84,75.6,0
68.05,4.57,3,1.14,65.8,5.73,0.278,-2.57,63.8,49.12,1
68.01,7.42,8,2.84,94.63,6.11,0.57,-0.38,100.0,38.08,0
78.63,5.85,10,0.21,77.41,0.0,0.345,-0.27,38.16,48.37,0
46.3,2.4,10,0.08,84.67,4.48,0.414,-0.47,81.84,55.41,1
49.13,7.75,3,2.8,69.39,3.66,0.171,1.21,54.02,81.09,1
66.57,7.63,3,1.11,63.48,9.22,0.555,0.41,58.78,95.44,1
59.81,12.54,9,10.0,63.61,4.32,0.481,2.47,33.76,51.36,1
79.71,9.89,7,0.2,81.13,4.94,0.046,0.53,97.61,63.74,0
61.38,4.93,4,3.87,79.27,4.91,0.18,0.55,64.45,57.1,1
53.82,13.56,5,1.31,67.38,2.39,0.066,0.27,73.18,72.22,1
96.98,11.66,3,3.51,75.66,3.88,0.322,-0.27,30.02,69.2,0
71.61,9.75,4,3.4,81.55,6.63,0.121,-0.65,47.15,51.85,1
76.01,7.32,5,4.95,63.23,0.74,0.38,-0.23,68.25,55.68,1
53.63,5.12,4,0.71,65.88,5.62,0.266,-0.19,56.78,62.85,1
66.83,6.88,4,5.98,75.36,3.2,0.285,-0.09,68.93,83.45,1
76.66,11.27,8,0.33,48.54,7.6,0.489,0.64,100.0,55.19,1
57.74,13.65,7,0.17,75.59,5.79,0.163,0.3,70.09,41.73,1
80.64,12.63,4,1.13,56.5,1.96,0.065,-0.52,51.03,84.55,1
65.99,6.53,5,3.52,81.3,4.17,0.171,-0.74,46.97,72.46,0
70.62,4.64,6,1.28,95.77,5.91,0.287,0.22,44.69,47.56,0
65.97,8.42,4,3.54,61.63,4.39,0.132,-0.93,51.45,69.6,1
100.0,2.69,3,2.62,53.8,5.29,0.39,-0.43,52.29,77.18,0
74.8,8.97,7,0.47,67.84,4.96,0.361,-0.53,62.38,66.41,1
59.13,7.56,9,5.95,66.82,6.73,0.139,2.43,70.57,85.44,1
87.34,6.6,9,0.13,77.93,5.88,0.262,-1.27,68.71,73.33,0
56.69,3.22,7,4.57,72.81,4.9,0.669,-0.79,62.64,69.58,1
78.13,9.54,7,0.73,66.44,5.04,0.421,-0.56,64.02,68.06,0
45.6,6.4,7,1.39,71.09,2.83,0.233,-0.45,100.0,67.04,1
55.08,4.49,9,1.1,56.53,7.93,0.335,1.0,45.55,78.17,1
77.95,1.0,6,0.38,79.95,10.92,0.177,-0.25,59.26,62.76,0
86.08,7.92,3,0.89,89.42,4.34,0.199,-1.32,24.29,79.24,0
77.57,13.32,7,0.43,55.63,5.1,0.802,1.43,52.34,69.68,1
73.27,12.98,2,0.46,51.05,7.03,0.068,0.26,42.02,66.58,1
70.48,6.63,3,0.41,65.17,7.02,0.35,0.42,45.4,60.38,1
52.82,6.19,5,1.34,55.34,5.36,0.327,0.65,36.28,60.52,1
64.2,9.41,5,3.2,54.69,3.05,0.307,-1.23,32.96,69.79,1
68.09,5.0,6,1.68,53.18,8.64,0.301,-0.01,62.45,80.2,1
90.86,8.91,8,4.47,67.68,6.36,0.541,0.82,74.21,72.57,0
80.15,10.3,5,2.02,65.06,5.44,0.212,-0.64,44.57,54.28,0
48.55,11.68,6,2.34,74.48,3.55,0.335,0.31,19.44,41.02,1
79.86,7.7,7,2.2,63.24,5.12,0.016,0.54,62.22,76.1,0
69.22,7.39,0,1.19,55.4,1.37,0.142,-1.46,69.39,100.0,1
64.85,5.37,3,2.34,69.8,6.48,0.302,-1.03,73.47,60.86,1
84.18,5.52,7,0.14,57.3,6.97,0.125,-2.28,39.57,58.05,0
90.46,7.32,4,3.93,76.15,5.46,0.35,0.23,47.88,77.31,0
88.97,9.1,7,3.01,50.01,3.08,0.358,1.88,37.8,52.09,0
62.41,10.74,7,0.56,44.02,5.9,0.34,-0.69,45.21,87.44,1
70.36,5.59,10,2.92,50.68,6.57,0.242,-0.19,44.2,71.18,1
79.97,12.48,3,0.03,64.98,3.51,0.227,1.01,49.8,64.6,0
89.63,7.19,4,0.49,66.55,6.87,0.055,0.27,54.97,53.39,0
67.81,7.94,4,0.13,71.64,6.05,0.294,-0.97,62.29,78.23,1
72.22,5.76,6,3.03,63.22,4.45,0.367,1.53,43.09,58.34,1
58.4,1.0,9,2.82,59.84,3.88,0.301,0.2,57.21,75.64,1
57.06,10.65,7,3.36,87.2,4.64,0.339,-0.23,41.86,70.99,0
87.19,10.21,5,0.01,84.03,3.06,0.057,-0.15,24.9,84.37,0
95.34,7.16,6,1.39,81.83,5.52,0.42,0.59,70.81,67.38,0
73.92,8.2,5,2.44,73.71,6.12,0.161,-0.61,46.74,100.0,1
90.05,9.55,6,0.34,74.66,7.34,0.217,1.57,25.34,73.32,0
80.42,3.31,6,2.1,60.34,5.59,0.504,1.26,71.21,67.19,1
65.32,6.41,9,0.18,71.73,5.78,0.321,0.01,54.98,59.16,0
80.42,10.38,4,0.4,58.72,4.46,0.608,0.06,69.06,78.15,1
98.07,4.24,7,1.29,57.36,3.25,0.207,-0.85,68.37,59.5,0
74.46,8.88,5,2.12,50.59,4.14,0.296,-0.64,38.11,53.39,1
98.47,3.93,5,0.32,74.87,7.86,0.317,-1.14,78.61,57.97,0
40.0,9.4,7,0.41,71.96,6.27,0.222,-0.2,23.35,62.12,1
87.33,7.89,6,0.46,66.37,5.81,0.101,0.06,52.06,98.75,0
76.31,3.15,8,0.55,64.79,1.37,0.161,-1.59,50.73,69.39,1
70.51,11.49,5,0.51,48.04,5.63,0.069,0.69,44.47,55.08,1
76.38,5.8,6,1.01,73.08,2.34,0.178,-0.87,84.52,81.33,0
45.19,5.57,6,2.12,66.21,2.48,0.18,0.41,66.02,67.83,1
71.7,8.6,10,1.15,80.75,2.71,0.362,0.81,31.84,84.42,0
80.36,11.45,5,2.99,71.75,3.45,0.662,1.31,34.73,93.68,0
97.17,4.95,4,2.54,78.47,6.67,0.335,1.1,100.0,42.62,0
67.23,8.19,3,0.27,69.91,5.45,0.112,1.66,50.46,29.37,1
62.87,9.29,6,0.1,72.18,3.11,0.51,0.82,44.08,94.87,1
67.47,10.08,3,4.21,81.17,3.84,0.312,0.17,83.13,54.69,1
88.73,8.53,4,0.17,67.69,6.0,0.048,-0.47,24.46,39.52,0
79.93,6.9,4,0.32,75.66,6.4,0.836,-0.12,87.74,57.13,0
67.05,5.52,5,0.04,64.68,5.27,0.328,1.63,44.04,50.49,1
82.7,8.26,7,1.98,68.43,2.71,0.351,-0.2,70.3,53.41,0
76.46,4.78,3,1.75,89.12,4.17,0.119,-0.01,50.42,77.84,0
89.53,1.0,5,8.67,77.69,9.76,0.312,1.48,28.51,59.61,0
64.47,9.31,5,4.36,63.5,2.58,0.402,-0.23,63.57,40.73,1
70.09,10.71,4,1.06,75.08,5.75,0.375,-0.79,78.96,65.49,1
69.12,1.0,7,0.93,54.64,9.24,0.156,1.13,13.03,52.23,1
53.05,4.97,9,0.7,67.35,4.45,0.262,-0.83,36.89,61.26,1
79.44,9.86,8,0.33,58.56,8.67,0.392,0.4,84.76,62.12,0
78.92,14.17,7,0.3,75.42,3.62,0.269,0.23,67.95,77.68,0
75.08,8.06,8,0.28,67.73,1.05,0.312,0.32,69.28,57.42,0
71.48,5.82,7,0.24,73.4,3.84,0.064,-2.42,78.62,75.47,0
53.77,7.45,5,0.55,79.29,3.48,0.103,0.78,69.36,41.07,1
68.69,12.12,10,0.73,64.48,1.66,0.269,-0.06,62.95,78.48,0
69.86,6.06,5,6.52,64.91,4.17,0.093,0.62,82.32,84.48,1
62.97,5.6,4,1.73,69.56,6.98,0.458,0.5,52.2,61.55,1
72.58,6.55,5,8.78,59.67,3.81,0.166,0.32,59.67,52.72,1
81.06,5.14,4,0.93,69.87,4.25,0.198,-0.4,76.52,48.84,0
100.0,8.37,10,1.22,70.5,7.74,0.285,-0.39,44.7,64.62,0
77.62,12.87,5,0.78,72.75,3.5,0.207,-0.05,88.5,83.24,0
78.86,8.97,3,0.4,75.03,6.24,0.169,0.17,65.83,58.61,0
73.88,7.24,5,0.31,50.76,1.59,0.466,-0.42,37.02,81.67,1
46.22,7.12,5,5.8,54.58,3.07,0.346,0.94,56.13,47.73,1
74.6,3.31,10,8.66,55.99,4.57,0.571,-0.33,32.28,59.73,1
75.9,10.65,4,0.09,71.11,7.42,0.748,-0.98,61.72,64.35,0
100.0,7.77,8,0.33,66.59,3.17,0.324,0.6,52.42,68.25,0
72.11,7.46,10,1.1,42.79,3.15,0.424,1.88,42.71,60.01,1
79.52,17.58,8,0.41,93.36,5.54,0.24,-1.17,24.4,83.7,0
74.48,8.9,9,0.9,46.13,5.87,0.377,-0.13,44.16,83.94,1
57.47,5.74,5,0.28,70.37,2.93,0.443,1.06,56.39,62.38,1
92.14,6.72,8,1.22,76.76,3.96,0.155,0.57,52.56,57.19,0
86.28,11.45,8,0.63,61.36,7.17,0.148,0.62,31.6,55.99,0
86.87,8.34,10,0.87,77.68,2.64,0.082,0.03,60.43,80.52,0
61.36,3.69,6,0.2,57.9,5.68,0.295,-2.66,40.29,55.02,1
96.04,10.76,7,1.12,72.05,3.96,0.183,0.26,78.44,43.08,0
53.97,6.0,10,8.18,43.83,7.81,0.421,0.37,81.38,45.32,1
83.8,13.62,6,0.8,84.08,6.16,0.684,1.13,54.86,75.0,0
100.0,11.24,8,4.18,70.01,6.76,0.274,-0.75,91.52,44.52,0
60.14,6.66,1,3.71,50.86,3.92,0.059,1.68,57.18,59.02,1
66.51,11.84,8,6.08,77.55,6.65,0.452,-0.31,33.99,66.53,1
76.49,8.2,4,3.12,89.59,6.6,0.245,-0.48,83.7,39.77,0
67.45,10.56,8,2.16,58.88,6.04,0.197,-0.72,92.28,67.73,1
51.74,9.45,9,3.88,67.48,4.43,0.176,1.05,79.89,60.13,1
76.03,5.46,3,0.16,63.82,5.33,0.071,-1.1,44.72,36.39,1
59.07,6.07,0,1.24,60.76,1.29,0.451,0.63,35.29,67.93,1
82.1,11.09,5,9.07,59.49,8.52,0.558,-0.81,52.99,70.94,1
61.21,7.0,6,2.94,62.24,3.79,0.344,-0.04,100.0,67.77,1
98.25,6.79,3,6.54,62.89,4.33,0.359,-1.52,36.46,72.56,0
63.25,5.13,3,3.02,65.72,2.36,0.068,0.79,76.42,68.87,1
70.17,9.27,4,4.16,64.85,6.35,0.095,-0.15,58.15,75.95,1
87.2,14.19,5,2.45,79.13,6.06,0.378,0.56,78.88,50.81,0
56.54,4.8,9,2.86,78.06,4.41,0.1,-0.18,34.8,44.05,1
78.41,8.07,2,1.48,51.6,0.33,0.432,0.53,55.01,47.58,1
94.61,12.24,5,5.16,62.88,3.58,0.505,-0.05,42.04,52.82,0
50.89,7.76,3,3.49,85.01,5.92,0.49,0.74,43.18,95.33,1
77.77,9.36,7,3.71,73.53,5.5,0.231,0.53,74.73,52.95,0
78.9,4.81,3,2.24,74.01,4.91,0.472,0.2,37.62,57.17,1
86.73,9.28,5,0.73,72.87,4.15,0.516,-0.9,65.8,61.49,0
56.45,7.44,4,0.07,66.86,1.84,0.23,-0.44,61.12,59.65,1
55.19,10.96,6,5.49,69.51,6.93,0.095,-0.77,40.92,92.23,1
82.83,11.56,8,1.76,65.15,2.12,0.472,1.43,45.25,39.12,0
79.45,15.77,5,0.71,80.27,4.59,0.187,0.78,66.68,97.78,0
78.76,9.74,7,0.32,65.26,2.93,0.227,0.04,59.5,67.17,0
80.2,8.98,4,3.54,68.64,6.99,0.437,-0.56,60.77,79.42,1
64.8,8.58,5,3.62,78.82,6.16,0.487,-0.79,55.35,65.31,1
78.48,6.94,6,3.37,66.07,4.29,0.158,0.12,54.05,77.23,1
79.4,9.02,8,2.07,69.15,6.38,0.448,1.84,59.57,50.83,0
64.28,7.11,5,0.91,65.7,2.02,0.403,0.01,88.78,44.68,1
100.0,8.51,5,0.73,68.93,4.84,0.278,1.2,70.58,100.0,0
82.11,11.95,7,0.02,66.11,2.89,0.196,0.28,57.38,93.7,0
57.13,4.98,5,3.59,63.57,7.05,0.238,0.56,38.36,49.19,1
84.85,11.42,4,0.18,61.5,5.75,0.348,-0.48,51.62,75.75,0
60.38,11.95,4,1.99,67.93,6.3,0.177,-0.2,41.6,82.37,1
86.81,7.65,3,1.4,82.22,3.89,0.43,-0.83,44.07,74.9,0
92.38,1.63,6,1.5,77.48,6.49,0.578,0.3,22.59,61.88,0
62.69,6.18,8,5.23,51.05,2.77,0.086,-0.24,59.77,95.37,1
89.45,11.89,7,0.06,64.85,3.05,0.136,0.36,100.0,75.31,0
81.19,7.93,8,2.97,62.34,4.65,0.205,-0.99,63.92,51.08,0
87.33,5.0,10,0.11,51.25,3.13,0.138,0.46,74.55,59.2,0
100.0,6.49,7,0.08,73.3,6.42,0.332,0.17,79.2,48.95,0
71.32,10.52,8,1.12,68.85,4.05,0.344,0.14,54.27,63.39,1
63.69,9.64,10,0.13,94.28,2.84,0.241,0.39,55.6,62.9,0
61.66,7.28,4,3.11,65.99,2.58,0.181,-0.24,32.07,76.33,1
62.76,6.9,0,1.51,60.69,6.39,0.227,3.0,63.94,76.11,1
73.84,6.82,6,0.06,59.52,0.0,0.154,0.47,61.12,70.83,0
80.12,5.23,8,0.08,64.58,2.98,0.677,0.11,42.88,70.42,0
79.15,12.85,8,1.9,77.08,7.81,0.242,0.74,82.97,80.65,0
87.41,7.03,6,3.28,78.46,4.31,0.317,-0.52,44.47,61.61,0
75.2,11.65,5,1.15,100.0,6.43,0.584,-0.55,100.0,29.1,0
96.8,12.56,10,1.62,55.52,5.85,0.112,0.8,68.07,96.66,0
71.03,10.99,6,3.22,71.03,4.62,0.168,0.89,59.56,51.34,0
100.0,6.71,10,1.89,61.79,1.68,0.101,1.19,98.78,75.43,0
84.39,9.21,6,0.51,74.21,2.35,0.452,-1.43,14.34,59.89,0
62.14,7.93,9,1.9,86.6,2.31,0.324,-0.13,54.28,85.97,0
58.94,5.29,5,1.98,80.35,5.96,0.056,0.33,51.33,50.57,1
82.24,8.97,7,2.65,55.51,6.34,0.396,0.72,56.38,54.34,1
71.65,4.46,3,1.94,78.22,3.24,0.148,0.53,64.52,57.53,1
85.71,11.56,5,6.96,44.64,4.84,0.449,-0.85,55.79,73.31,1
82.1,6.61,3,0.44,41.44,5.02,0.344,0.51,88.02,68.35,1
73.91,8.6,3,6.04,67.01,5.16,0.29,0.32,68.71,73.48,1
62.3,8.85,4,1.55,77.33,3.48,0.422,0.32,69.68,66.9,1
52.28,7.22,5,2.23,74.18,8.28,0.249,-1.1,69.25,78.98,1
68.3,9.76,9,0.21,92.87,6.36,0.044,-0.93,34.23,79.23,0
87.85,6.58,5,0.96,71.31,5.15,0.366,1.81,64.04,87.72,0
78.21,10.61,9,2.93,68.72,3.96,0.041,0.99,64.73,70.16,0
56.31,3.96,4,2.45,83.86,3.33,0.503,-0.06,37.51,70.09,1
77.6,8.38,10,0.08,65.51,5.8,0.168,-0.05,77.72,91.51,0
80.78,13.82,6,1.58,74.66,4.05,0.297,2.22,19.25,82.96,0
61.74,5.0,4,0.18,75.39,5.27,0.416,0.05,100.0,72.78,1
77.31,5.97,5,10.0,58.34,1.2,0.225,-0.12,59.25,44.08,1
75.87,9.54,4,4.55,74.65,3.94,0.012,-0.79,42.89,39.74,1
57.86,8.54,4,0.04,96.22,4.78,0.209,-0.23,72.35,74.19,0
80.37,9.05,10,3.91,83.64,6.94,0.133,-1.68,72.52,74.81,0
83.41,9.47,7,5.04,59.93,3.16,0.288,0.52,100.0,54.16,1
91.25,9.9,9,0.87,98.06,2.03,0.226,1.26,95.64,70.31,0
90.81,11.33,7,2.54,78.27,5.89,0.195,1.27,33.4,51.3,0
54.33,9.23,4,1.17,75.09,4.87,0.234,-0.7,54.6,73.58,1
60.93,7.28,4,2.13,68.83,1.56,0.358,-2.29,41.81,73.97,1
82.73,10.02,8,0.83,78.19,1.66,0.282,0.34,74.84,73.88,0
82.71,13.7,3,0.78,71.34,3.71,0.191,1.32,88.3,70.03,0
82.73,7.6,10,1.1,70.24,4.83,0.554,-1.6,33.67,60.59,0
100.0,5.08,5,0.31,68.4,7.78,0.121,-0.37,58.74,61.82,0
83.56,11.32,6,3.56,81.69,2.84,0.739,0.36,47.36,82.39,0
92.03,7.64,7,0.86,80.36,6.08,0.207,-0.84,76.89,71.22,0
89.31,1.48,5,1.02,68.21,1.08,0.562,-1.73,68.19,72.32,0
84.77,10.54,9,4.49,51.77,5.72,0.293,-0.74,83.52,66.3,1
70.27,6.39,4,1.37,70.43,8.01,0.066,-0.57,51.58,74.77,1
86.38,7.73,2,1.57,61.39,5.28,0.453,-1.89,57.67,79.38,1
63.41,9.0,5,6.27,64.32,3.66,0.205,1.07,67.88,55.58,1
71.45,8.57,10,4.36,68.5,7.47,0.661,1.55,54.58,73.89,1
67.72,10.13,6,0.37,57.28,5.7,0.552,0.03,65.98,61.61,1
76.23,6.69,4,1.28,50.68,5.31,0.304,0.73,85.4,69.71,1
100.0,9.54,5,7.1,73.5,2.96,0.094,-1.48,100.0,77.53,0
46.99,7.22,6,0.93,70.32,5.73,0.271,-0.14,50.23,43.22,1
85.29,10.22,6,0.93,69.86,3.63,0.1,-0.58,100.0,48.74,0
50.81,9.85,8,0.43,76.13,5.62,0.286,0.41,49.95,55.11,1
67.92,5.19,8,0.24,62.09,5.1,0.642,-2.7,77.38,54.04,1
91.33,11.26,7,2.7,73.99,7.17,0.127,-0.3,50.11,62.56,0
75.96,6.39,8,2.94,86.05,3.85,0.17,0.63,39.41,90.39,0
58.83,10.42,1,6.95,66.94,4.7,0.526,0.24,84.45,82.68,1
64.27,9.1,10,2.97,92.79,6.6,0.254,0.78,59.02,56.29,0
85.19,13.51,5,0.56,70.6,4.53,0.256,-0.6,85.68,78.03,0
64.04,7.33,10,0.08,59.77,4.96,0.238,-2.82,75.04,64.35,1
78.25,6.95,2,8.46,80.2,4.19,0.162,1.1,68.22,70.16,1
75.68,7.94,5,0.83,68.65,4.67,0.298,0.76,71.02,50.29,1
65.23,7.09,9,0.75,82.63,6.34,0.179,1.57,81.77,45.19,0
100.0,10.4,3,4.73,74.96,8.67,0.079,0.07,78.53,75.99,0
84.51,3.15,5,1.76,66.07,1.64,0.348,0.42,51.91,65.49,0
44.62,4.84,3,0.48,88.25,2.47,0.326,2.33,68.46,72.84,1
77.8,4.8,5,4.4,64.01,4.72,0.284,-1.85,90.01,88.91,1
65.07,10.85,5,10.0,44.01,5.1,0.256,0.44,60.91,61.42,1
87.79,13.13,6,0.18,80.57,4.56,0.266,1.22,50.12,61.56,0
63.11,7.69,8,3.96,74.2,3.89,0.474,0.21,47.57,91.53,1
73.28,7.49,3,0.99,85.4,2.54,0.065,0.07,76.98,65.25,0
82.57,8.21,9,1.48,59.42,3.78,0.071,-1.48,55.19,52.95,0
87.99,11.49,8,4.93,67.03,6.63,0.662,1.47,67.24,76.04,0
57.0,5.22,6,7.25,65.68,5.19,0.706,1.07,54.24,61.43,1
69.98,8.72,5,0.61,81.21,6.35,0.303,1.28,83.48,52.66,1
67.88,10.93,7,0.48,77.81,2.59,0.489,-0.02,63.0,66.35,0
65.2,9.5,8,0.17,72.58,7.89,0.198,-0.32,88.56,77.4,0
100.0,8.57,5,1.65,72.65,3.88,0.531,-0.01,87.83,47.61,0
81.07,11.0,4,0.03,56.19,5.95,0.108,1.7,58.24,47.26,1
56.09,1.0,8,1.06,79.22,4.75,0.288,-0.26,86.67,63.8,1
88.77,10.03,2,0.15,79.47,3.92,0.197,1.48,53.24,48.5,0
100.0,6.04,7,1.04,97.49,5.87,0.019,-0.15,65.32,45.86,0
90.49,2.51,8,0.08,75.65,6.2,0.084,-0.86,44.41,65.09,0
52.21,9.53,9,3.61,77.59,10.38,0.211,-2.08,71.87,81.59,1
67.74,12.12,7,0.47,75.73,6.28,0.217,0.57,66.03,76.82,0
94.0,7.59,6,0.8,61.64,6.25,0.285,0.77,70.28,63.4,0
64.38,10.86,5,4.08,84.99,7.29,0.515,-1.15,32.8,84.24,1
81.66,12.84,6,2.74,69.33,6.06,0.151,1.48,20.21,91.02,0
86.62,11.94,6,0.49,67.68,4.92,0.206,-1.38,37.35,72.37,0
61.1,12.92,8,0.15,68.38,5.65,0.365,0.71,69.98,59.51,1
74.11,10.23,5,2.52,69.21,6.71,0.225,0.76,73.47,88.44,0
40.0,8.23,6,0.99,64.16,7.78,0.314,1.07,82.59,87.78,1
59.63,3.19,2,2.91,72.58,1.98,0.24,-1.97,51.91,68.8,1
71.21,7.26,3,1.18,68.84,1.22,0.543,1.07,64.17,83.34,1
56.28,5.47,6,0.85,67.82,7.7,0.408,-0.14,45.98,53.28,1
99.49,14.51,7,1.2,75.88,3.41,0.403,-0.34,87.35,33.99,0
53.55,7.47,6,2.76,70.91,1.68,0.077,0.83,45.81,50.43,1
68.4,8.37,9,4.65,63.35,1.5,0.154,0.96,83.57,68.1,1
76.96,9.65,5,0.1,60.84,8.6,0.511,-1.99,54.97,63.89,1
96.62,8.13,6,1.49,71.18,6.76,0.314,-1.29,91.5,79.43,0
53.46,13.09,6,0.07,61.04,3.41,0.318,1.2,63.66,42.72,1
92.45,6.13,8,1.26,60.18,3.49,0.11,0.47,63.22,43.01,0
75.15,8.58,6,4.33,60.35,5.11,0.062,0.18,44.92,76.43,1
60.28,5.77,8,0.9,73.06,6.72,0.687,-0.99,100.0,43.46,1
81.93,4.04,3,5.39,84.32,4.41,0.236,0.44,79.82,60.94,0
77.99,6.16,5,1.99,74.17,3.43,0.576,1.22,70.24,65.37,0
66.0,7.89,6,5.44,80.64,7.27,0.573,2.32,64.79,55.24,1
76.05,6.71,5,2.83,69.16,4.95,0.3,-0.35,46.79,73.67,0
69.22,5.92,10,0.22,71.71,4.62,0.092,0.88,73.47,34.07,0
76.7,3.78,10,0.53,89.84,6.18,0.185,1.85,58.67,92.48,0
84.93,7.75,6,1.0,79.94,0.73,0.474,-1.45,61.15,60.05,0
98.79,3.49,4,0.37,81.24,5.95,0.188,1.8,77.82,62.45,0
56.43,10.28,7,1.37,66.83,5.82,0.637,0.2,65.69,100.0,1
100.0,8.25,5,1.27,69.94,2.24,0.078,0.07,60.36,44.6,0
45.72,3.63,9,6.26,74.87,1.12,0.554,-0.54,88.71,49.32,1
72.72,7.07,5,1.14,62.72,3.87,0.233,-0.36,43.62,86.07,1
83.82,5.74,8,3.08,41.64,5.37,0.333,-0.75,26.9,41.65,1
79.21,8.96,4,5.69,74.76,5.57,0.393,-0.95,44.08,72.43,0
65.66,12.02,7,4.19,81.54,8.41,0.315,0.45,63.04,55.91,0
71.88,2.37,10,0.47,70.66,5.37,0.105,1.11,73.89,40.76,0
67.6,8.35,3,1.37,62.85,2.2,0.44,-1.05,45.12,72.9,1
66.16,7.52,6,0.85,66.03,4.5,0.456,-0.7,100.0,73.34,1
87.74,10.01,6,1.02,45.66,2.4,0.331,0.26,63.64,65.02,0
80.36,8.64,4,0.9,66.0,4.64,0.073,-1.11,63.04,96.04,1
64.61,5.74,7,3.5,56.62,7.82,0.298,0.24,34.21,53.43,1
88.49,7.04,8,1.2,61.6,5.92,0.197,-0.27,31.14,78.0,0
79.61,5.61,9,1.48,56.01,3.56,0.091,-1.64,24.34,69.91,1
87.19,11.23,7,8.09,54.63,6.18,0.167,0.47,87.43,79.57,1
84.44,8.06,6,0.12,57.95,3.44,0.577,-0.56,84.25,57.44,1
62.57,13.7,7,1.34,77.59,0.0,0.296,1.03,59.97,44.23,0
66.6,7.82,6,2.97,63.88,2.53,0.379,-0.2,35.7,54.77,1
86.21,5.87,5,0.33,56.7,5.92,0.358,-0.71,54.45,64.04,0
84.16,3.46,6,1.89,79.05,6.54,0.234,-0.03,88.43,75.21,0
74.69,2.59,7,0.55,71.55,8.44,0.158,1.24,49.92,65.26,0
76.76,3.25,4,4.04,41.64,5.68,0.212,1.84,41.96,68.23,1
94.16,8.8,1,0.79,81.95,7.69,0.384,0.59,52.38,90.88,0
66.13,9.53,6,0.8,70.86,6.26,0.628,-0.59,54.14,64.64,1
83.21,3.26,10,1.82,79.24,6.87,0.085,0.03,74.76,57.01,0
71.97,10.69,8,0.41,67.3,7.2,0.167,-0.1,15.86,71.6,0
71.73,6.55,4,0.67,89.26,5.97,0.328,-0.15,63.39,39.26,0
91.48,8.44,3,1.08,65.42,7.15,0.281,-0.25,46.06,39.23,0
87.38,12.84,1,0.87,38.37,3.6,0.49,-0.97,49.29,62.99,1
87.2,10.69,5,1.49,59.33,0.15,0.305,0.98,75.09,51.01,0
94.58,7.19,6,1.83,76.03,6.3,0.407,0.86,33.96,55.88,0
75.32,5.33,5,1.67,71.91,5.75,0.496,0.02,63.6,79.02,1
85.23,1.54,8,2.12,68.53,3.25,0.354,1.26,69.63,72.89,0
70.35,5.84,5,0.74,58.16,2.48,0.446,0.59,71.59,63.85,1
79.86,7.37,5,0.27,70.22,5.26,0.594,-1.12,74.14,66.24,0
73.05,5.04,5,2.86,69.83,6.43,0.204,-0.35,71.44,58.63,1
76.45,7.61,6,3.8,69.7,6.04,0.394,1.48,74.39,77.74,0
83.93,8.23,6,0.59,76.45,2.96,0.058,-0.36,42.38,76.89,0
62.73,7.33,9,1.05,72.18,3.41,0.165,-0.69,87.31,79.86,1
100.0,6.05,8,1.38,66.97,6.34,0.431,0.72,36.31,79.17,0
59.91,8.51,6,1.52,57.97,5.15,0.51,-0.28,67.41,65.81,1
56.79,9.33,3,2.15,86.32,7.12,0.108,0.56,46.38,54.53,1
92.37,4.73,7,0.08,93.78,4.35,0.31,-0.04,25.64,62.49,0
86.87,12.23,5,2.56,90.93,6.48,0.729,-0.8,48.6,66.75,0
84.36,7.7,6,0.13,78.39,4.92,0.422,-0.69,57.63,54.89,0
84.43,8.06,7,1.26,49.9,3.55,0.059,-1.69,87.74,89.45,1
74.82,10.12,3,3.52,48.43,6.86,0.42,-1.11,96.39,89.52,1
61.54,8.7,10,1.2,63.42,3.01,0.115,0.63,57.41,63.2,1
76.14,10.86,1,0.32,69.34,5.15,0.263,1.21,32.22,80.46,1
64.84,8.86,7,8.4,68.85,5.35,0.178,-0.61,33.88,73.4,1
89.63,6.16,3,4.4,72.33,4.76,0.117,-1.37,75.44,57.55,0
72.79,9.08,7,2.95,53.29,6.98,0.172,1.14,74.16,71.18,1
62.62,4.57,9,1.06,89.29,6.15,0.228,1.17,47.85,53.39,0
70.18,8.33,2,0.41,88.06,5.91,0.328,0.72,36.52,51.8,0
81.19,7.9,6,5.67,54.26,5.14,0.308,-1.45,79.85,72.15,1
66.54,7.38,5,1.52,47.66,8.71,0.422,0.52,35.44,72.33,1
62.67,7.61,3,3.83,68.92,7.93,0.387,0.55,51.11,100.0,1
78.66,2.35,6,0.84,85.15,6.84,0.342,0.9,69.47,62.67,0
78.67,6.35,4,0.82,69.61,6.51,0.051,0.15,19.98,57.07,0
67.4,8.28,6,8.47,73.12,3.8,0.296,-0.75,79.07,78.84,1
67.93,8.48,7,1.48,64.72,4.9,0.138,-0.4,100.0,64.62,1
78.48,4.92,7,0.3,71.76,6.27,0.284,1.18,62.28,55.29,0
53.28,11.8,3,0.5,81.33,7.1,0.099,0.38,59.31,56.21,1
53.89,5.4,6,1.32,74.95,6.78,0.399,-1.31,60.89,62.31,1
64.22,10.91,5,0.09,76.91,6.16,0.536,1.71,64.5,80.82,1
71.8,9.28,8,1.24,50.04,9.0,0.09,1.16,45.4,71.47,1
79.66,6.06,10,1.09,95.66,4.73,0.316,1.66,37.51,52.5,0
97.13,13.33,5,3.02,50.18,7.03,0.415,1.13,52.94,92.52,0
87.86,4.42,2,0.88,71.88,6.78,0.345,-0.93,63.07,51.39,0
72.6,10.76,7,8.1,68.19,5.89,0.089,0.33,40.03,53.94,1
74.71,11.0,8,0.4,68.72,5.96,0.201,0.6,33.07,82.51,0
59.96,5.99,5,1.79,80.44,5.92,0.202,-1.34,51.19,87.46,1
74.72,12.18,9,0.19,61.51,3.58,0.435,-1.17,33.33,70.3,0
70.67,7.25,8,2.65,64.81,5.8,0.296,0.74,73.44,45.64,1
79.84,8.87,6,10.0,56.24,6.5,0.392,0.82,10.0,66.45,1
62.59,8.78,7,3.42,83.47,5.64,0.363,2.37,36.64,44.49,0
82.79,7.6,7,1.62,73.19,1.32,0.288,-0.26,88.27,100.0,0
97.99,10.43,5,1.33,77.65,1.83,0.227,-1.68,55.57,69.31,0
73.37,10.38,4,3.6,79.74,3.36,0.159,-0.15,63.68,77.02,0
81.03,2.75,6,5.5,93.9,4.78,0.081,0.84,57.42,59.45,0
85.35,11.91,7,9.06,91.8,3.47,0.073,-0.36,47.45,92.09,0
68.98,3.01,4,1.01,73.88,6.29,0.281,0.1,81.9,57.46,1
78.36,11.1,6,9.4,71.9,7.38,0.478,-0.64,48.56,52.12,1
75.19,11.38,5,0.34,63.61,7.67,0.306,1.19,43.43,69.57,0
76.47,4.73,7,0.58,78.93,5.67,0.365,0.74,73.14,78.2,0
63.4,6.77,8,0.19,78.49,7.17,0.292,-0.82,21.39,96.93,0
75.37,4.68,3,0.63,61.25,3.87,0.041,-0.52,54.29,89.21,1
82.47,7.36,6,2.92,78.64,4.7,0.286,-0.68,49.62,82.93,0
96.77,7.08,10,3.83,82.1,2.67,0.315,-1.86,53.92,54.72,0
89.39,10.34,5,3.02,56.54,7.41,0.516,-0.76,50.23,54.4,1
100.0,11.93,5,1.99,72.28,8.93,0.592,-1.77,67.5,51.83,0
63.49,12.19,7,1.44,69.21,4.3,0.259,0.93,81.99,62.74,1
88.08,6.31,6,2.47,69.94,0.66,0.47,1.01,69.19,36.3,0
77.75,7.37,8,0.99,58.57,3.09,0.448,-0.3,53.26,85.48,1
100.0,2.95,3,3.68,48.08,3.7,0.153,0.2,72.63,49.63,0
62.88,5.58,5,2.26,60.94,2.35,0.099,1.07,74.97,47.78,1
62.4,10.89,9,2.39,59.25,2.94,0.242,0.78,67.22,58.91,1
66.01,12.85,6,1.54,74.24,5.41,0.195,2.0,80.97,44.86,0
43.14,4.3,10,4.33,74.43,6.32,0.342,0.26,13.05,74.66,1
67.11,6.22,5,0.58,73.75,0.87,0.415,1.45,60.54,50.51,0
63.61,7.92,7,0.96,53.24,3.94,0.22,0.1,66.16,72.52,1
77.26,8.84,5,3.01,56.57,5.08,0.336,-0.12,30.38,78.87,1
80.13,5.57,4,1.36,62.6,2.87,0.176,0.68,64.42,56.76,1
100.0,9.27,1,4.4,70.28,5.47,0.134,0.55,78.3,54.24,1
89.26,6.58,10,0.85,65.98,4.76,0.083,-0.61,55.52,52.97,0
66.35,7.96,7,0.92,73.73,4.1,0.045,-0.82,73.13,48.77,1
61.52,9.64,2,4.39,81.71,3.27,0.081,0.07,80.46,58.69,1
82.38,8.02,6,1.25,58.01,5.55,0.229,-1.89,86.85,66.01,1
55.2,6.69,6,1.45,58.46,3.47,0.18,-0.31,83.24,44.25,1
100.0,7.67,7,0.81,71.62,1.53,0.187,-0.98,87.31,55.37,0
92.69,7.73,4,0.65,69.02,5.04,0.622,-0.58,50.01,67.37,0
67.96,6.89,6,2.13,78.92,2.52,0.544,-0.78,52.2,65.52,1
49.3,7.22,4,0.26,70.09,1.71,0.365,0.77,10.53,24.99,1
95.31,12.8,5,4.23,90.89,5.26,0.263,0.45,38.7,74.5,0
73.28,9.68,5,3.02,50.95,4.67,0.208,0.05,84.37,83.58,1
93.57,7.11,8,0.42,80.08,3.27,0.469,-0.38,47.9,56.41,0
51.08,10.09,4,2.37,72.39,5.46,0.47,1.03,67.95,38.98,1
66.01,7.0,5,1.85,53.16,5.85,0.281,0.9,64.81,53.53,1
75.08,11.52,8,0.41,45.18,5.48,0.172,-0.11,84.81,53.09,1
75.7,9.11,6,0.64,56.5,5.41,0.281,1.35,19.59,83.0,1
68.25,7.68,5,1.05,84.51,1.79,0.191,-0.19,67.05,48.6,0
84.34,9.34,5,2.4,83.14,7.59,0.082,0.2,66.73,59.63,0
58.99,3.29,9,2.04,68.46,6.11,0.424,-0.57,42.84,90.17,1
72.86,4.62,8,1.52,65.65,3.1,0.289,-0.39,79.2,67.41,0
76.8,4.42,8,2.93,59.73,4.98,0.084,-0.63,32.02,67.93,0
82.72,8.43,4,2.84,67.75,5.36,0.387,0.69,81.29,63.48,0
85.67,13.2,9,1.92,64.31,4.92,0.062,0.38,16.89,79.67,0
58.13,14.69,4,3.09,90.52,8.59,0.119,-1.05,41.9,71.06,0
51.99,9.91,7,0.81,55.16,1.11,0.434,0.57,57.2,92.8,1
94.17,9.5,4,4.26,74.71,2.05,0.257,1.79,64.35,94.44,0
79.98,2.6,4,1.91,91.08,0.4,0.355,-0.66,22.64,69.71,0
63.77,6.37,10,3.46,79.29,5.16,0.368,-0.72,80.86,64.44,0
98.27,5.64,8,1.58,56.51,6.09,0.569,0.01,75.07,67.45,0
76.74,6.14,6,0.49,51.49,5.72,0.35,1.38,98.07,56.5,1
92.69,7.5,6,1.56,73.29,4.42,0.037,-0.44,74.04,67.01,0
76.01,6.58,5,0.93,71.81,5.81,0.395,1.84,45.27,43.37,1
100.0,2.06,5,2.39,84.79,4.41,0.318,-1.06,38.57,54.32,0
100.0,10.24,4,1.29,76.58,6.48,0.395,0.19,51.59,76.8,0
71.27,4.78,7,3.62,64.18,7.21,0.083,-1.7,100.0,73.07,1
89.57,8.72,3,2.27,63.37,3.14,0.178,-0.94,60.95,63.09,0
84.68,14.22,7,2.31,54.33,4.42,0.382,-0.21,61.81,71.28,1
95.53,5.24,7,0.49,71.55,4.75,0.197,0.27,87.59,87.59,0
60.53,1.0,8,8.3,53.15,7.85,0.676,1.24,36.71,59.22,1
85.29,7.14,10,3.69,80.92,3.37,0.397,-0.7,70.78,43.47,0
90.88,11.3,6,3.11,77.07,7.2,0.126,0.42,70.33,74.41,0
48.62,13.88,3,0.8,76.69,2.07,0.198,-1.34,79.15,73.04,1
57.25,4.31,8,1.53,54.14,7.49,0.276,1.01,77.05,76.4,1
44.41,9.49,3,0.29,68.2,6.7,0.264,1.31,58.83,47.04,1
70.96,6.6,10,1.55,65.33,4.69,0.209,1.04,32.34,42.5,0
85.76,7.68,6,0.32,71.23,6.83,0.379,1.04,48.7,68.97,0
97.54,15.93,7,1.61,76.34,4.0,0.447,-0.09,76.84,67.92,0
76.11,3.49,3,2.09,63.84,3.15,0.349,0.28,97.09,59.64,1
99.43,8.76,4,0.99,64.29,8.41,0.325,-0.1,35.54,86.7,0
54.3,9.4,6,1.38,78.16,3.92,0.214,-0.05,34.22,64.85,1
49.45,11.26,6,4.17,56.45,6.35,0.076,-0.74,28.52,83.47,1
74.17,8.29,6,0.23,61.04,7.22,0.091,0.28,44.66,78.17,0
80.76,8.92,6,3.14,70.07,6.61,0.268,0.42,78.95,48.65,0
74.51,6.83,7,0.37,80.8,6.2,0.471,0.99,86.32,51.7,0
43.99,8.81,7,0.07,58.37,6.36,0.478,0.39,18.43,45.77,1
73.66,6.97,3,0.41,91.48,7.11,0.265,0.88,35.9,71.47,0
55.43,9.86,3,2.9,53.79,5.64,0.169,-0.74,32.16,66.47,1
85.05,6.89,3,1.04,88.6,4.92,0.6,1.42,42.65,85.25,0
80.5,9.13,7,4.12,84.4,2.26,0.276,-0.24,55.55,73.93,0
60.9,7.91,6,1.49,52.84,5.64,0.14,-2.05,52.05,45.53,1
67.29,11.38,4,0.05,50.41,7.06,0.436,-0.39,70.28,58.07,1
59.11,7.85,6,2.52,78.64,2.8,0.19,0.58,21.47,33.34,1
74.06,2.68,9,0.23,65.47,4.54,0.313,0.08,49.59,69.4,0
89.33,11.79,5,3.12,57.92,5.85,0.066,-1.94,87.33,100.0,0
60.21,5.28,3,0.37,91.74,8.02,0.186,0.22,88.09,66.96,1
82.56,6.04,10,0.85,55.67,2.68,0.462,0.13,93.29,68.02,0
67.05,6.21,6,2.86,61.28,6.59,0.142,-0.97,67.87,64.74,1
63.11,12.12,6,6.17,62.7,4.28,0.092,0.56,46.9,70.34,1
73.39,1.59,8,0.93,36.41,3.65,0.399,-0.13,63.5,62.66,1
59.47,17.41,3,3.54,71.1,3.16,0.513,-1.95,100.0,74.27,1
66.7,11.17,7,0.42,59.06,3.69,0.251,0.7,49.39,53.41,1
57.03,8.67,6,3.29,79.73,6.0,0.144,0.17,96.66,54.04,1
100.0,7.84,5,2.14,81.3,4.54,0.345,1.51,11.26,45.61,0
75.53,8.86,5,0.43,72.78,6.43,0.127,-0.86,71.44,64.51,0
64.5,9.56,8,0.72,72.92,2.76,0.169,-0.23,72.95,48.41,0
78.21,9.94,7,0.28,71.96,6.39,0.528,1.07,67.47,86.79,1
73.32,9.67,8,0.97,61.6,5.87,0.435,-0.92,68.78,58.54,0
71.69,8.27,3,0.46,62.62,1.98,0.468,1.03,70.46,35.46,1
84.21,7.41,7,2.07,85.88,8.01,0.242,1.06,71.4,47.97,0
86.36,7.55,8,10.0,78.82,5.68,0.513,0.31,53.39,67.03,0
67.04,7.42,4,0.02,72.47,6.53,0.114,-0.17,54.58,74.79,1
66.36,11.4,4,1.56,77.2,7.31,0.257,-0.65,32.78,70.31,0
70.87,9.78,8,1.71,69.27,6.94,0.237,-0.72,74.65,52.66,0
40.47,1.0,4,4.91,72.22,4.75,0.048,0.31,86.05,56.43,1
52.27,9.97,6,1.41,77.13,6.45,0.293,-2.88,94.89,54.67,1
95.5,8.58,2,1.57,45.11,1.38,0.143,-0.56,43.58,73.5,1
99.67,7.94,4,1.28,80.87,5.79,0.457,-0.69,25.52,66.74,0
71.26,6.83,4,0.63,80.01,8.46,0.343,-0.99,67.53,58.29,1
83.65,11.37,6,0.12,60.63,3.61,0.494,0.19,36.89,55.11,0
79.67,10.84,8,1.05,84.93,6.83,0.505,-1.47,71.44,57.16,0
100.0,5.68,6,0.11,43.39,8.55,0.412,1.2,15.89,65.13,0
91.79,9.22,7,1.6,74.24,6.38,0.143,0.91,81.74,85.11,0
73.08,5.09,9,0.73,70.48,7.05,0.295,1.36,63.07,67.8,0
60.67,3.86,10,1.53,66.29,1.86,0.177,-0.53,21.57,59.95,1
50.9,6.12,6,0.29,70.23,3.13,0.153,0.21,66.08,58.78,1
78.05,10.59,8,5.4,76.99,7.86,0.108,0.82,61.9,90.53,0
63.65,10.86,8,4.5,48.33,6.92,0.259,-0.13,70.46,77.37,1
53.67,9.54,8,0.42,82.01,5.99,0.163,-0.57,76.04,79.68,1
65.3,10.18,6,0.84,65.08,4.47,0.346,0.12,11.67,76.21,1
58.78,9.55,6,1.9,82.19,5.57,0.41,-0.21,50.58,64.25,1
100.0,6.08,4,0.2,77.72,8.48,0.056,-1.07,58.22,82.97,0
88.22,9.3,10,0.88,64.83,4.8,0.24,-2.38,54.09,42.98,0
74.88,10.4,3,0.58,69.05,6.4,0.086,-0.92,52.98,88.26,0
97.2,10.26,4,4.94,69.75,6.35,0.486,-2.36,81.09,76.13,0
76.16,11.57,8,3.83,89.28,3.67,0.504,-0.87,25.37,72.29,0
62.08,10.12,7,1.73,56.31,3.82,0.189,1.42,54.17,53.65,1
97.85,9.05,4,1.47,64.74,8.05,0.137,-1.85,55.75,78.96,0
83.08,11.21,5,5.34,51.01,6.14,0.488,0.45,57.81,82.18,1
59.44,7.92,4,5.39,71.49,3.64,0.606,1.22,40.45,54.43,1
72.14,5.35,4,6.97,62.52,4.38,0.271,-1.57,100.0,54.89,1
61.87,7.51,7,0.27,63.97,3.03,0.106,1.79,79.57,49.5,1
54.26,5.77,5,0.35,87.82,7.13,0.131,-0.08,100.0,73.22,1
88.89,5.97,5,2.26,60.12,4.5,0.166,1.36,72.81,63.53,0
100.0,7.57,6,1.56,68.09,4.52,0.251,0.27,75.25,96.84,0
54.02,5.62,6,0.04,64.5,6.68,0.288,-0.46,59.91,41.99,1
83.44,7.08,5,0.13,65.25,1.64,0.39,-2.91,91.26,51.94,1
65.24,2.32,3,4.38,100.0,4.93,0.074,-1.11,71.31,65.18,0
67.69,8.64,6,4.06,49.18,4.98,0.252,0.68,56.19,74.98,1
66.11,8.0,5,0.88,77.73,4.43,0.077,1.54,96.93,74.3,0
62.04,5.55,5,4.43,99.13,3.9,0.1,-1.4,33.94,66.27,0
75.73,9.98,8,1.8,82.95,3.58,0.311,-0.06,45.36,70.29,0
62.54,10.81,5,3.28,70.56,5.56,0.219,-0.45,100.0,66.78,1
79.06,3.18,9,1.12,55.93,2.98,0.211,0.42,73.41,80.74,0
74.25,5.71,9,0.24,85.66,5.32,0.301,0.09,10.0,56.66,0
71.42,5.69,3,1.14,81.25,3.89,0.356,-0.37,80.38,58.36,0
61.39,5.18,5,1.22,51.64,4.03,0.173,0.64,39.54,75.34,1
66.35,10.49,7,1.6,66.16,5.39,0.194,-0.69,48.51,88.59,1
86.33,7.42,4,0.22,55.53,4.0,0.366,0.01,100.0,55.49,1
82.51,7.21,4,9.51,35.69,7.53,0.307,0.77,93.11,68.62,1
60.34,1.99,5,0.56,55.25,4.72,0.621,-0.73,99.96,59.32,1
76.49,9.91,8,0.44,71.27,7.09,0.207,-0.36,47.85,73.32,0
86.27,4.28,4,1.5,76.96,3.48,0.475,-0.56,54.18,40.38,0
49.96,8.18,6,1.54,66.12,3.43,0.403,0.45,64.37,59.81,1
83.15,8.83,6,1.16,86.49,1.67,0.326,0.35,77.37,56.39,0
65.06,12.08,3,2.96,82.35,4.02,0.387,-0.52,53.16,59.86,1
83.56,4.07,3,1.45,68.5,4.53,0.537,0.34,97.57,26.92,1
63.55,1.0,6,1.88,66.97,5.15,0.073,-2.81,69.82,95.37,1
47.93,8.55,7,2.57,74.59,6.39,0.025,0.84,89.82,27.59,1
50.59,13.4,6,0.05,69.79,6.25,0.126,0.9,44.4,72.14,1
75.72,11.72,7,1.69,52.89,7.27,0.142,-0.51,51.62,45.59,1
78.9,8.63,5,4.31,66.46,3.23,0.432,-0.71,64.91,46.33,0
61.44,6.53,6,0.04,77.99,5.06,0.333,-0.06,50.82,67.07,1
84.58,10.42,7,1.04,85.78,3.0,0.376,-0.91,80.95,75.37,0
50.08,5.08,4,5.21,81.52,5.83,0.231,-0.75,81.35,48.87,1
74.01,9.43,5,0.87,74.01,8.61,0.185,0.31,55.22,48.38,0
56.83,9.52,8,1.23,87.49,2.61,0.273,0.81,73.16,45.58,0
65.22,11.18,6,7.98,75.09,6.38,0.165,0.32,100.0,68.22,1
75.71,16.28,9,0.44,68.94,7.1,0.374,2.89,80.89,49.29,0
62.09,9.18,2,0.13,87.74,3.21,0.371,1.25,73.04,84.33,1
69.23,6.47,8,3.92,78.64,5.87,0.219,0.74,85.91,47.69,0
90.09,7.92,5,4.06,85.62,4.28,0.203,0.7,93.62,73.13,0
66.35,2.69,9,1.28,55.75,4.76,0.095,0.09,90.36,88.17,1
87.54,5.92,9,1.44,59.68,4.21,0.215,0.5,58.56,66.03,0
58.05,6.77,4,3.61,60.19,4.55,0.476,0.2,78.05,38.14,1
82.95,6.43,2,2.68,72.18,7.31,0.47,1.05,54.04,71.0,0
96.62,8.46,6,0.62,91.89,4.84,0.206,-0.28,58.91,61.31,0
40.0,5.53,6,0.03,56.33,3.8,0.041,-0.33,69.58,64.38,1
63.05,11.36,7,1.31,80.86,5.14,0.332,1.18,31.03,88.79,0
83.66,8.0,8,3.92,55.57,0.76,0.155,-0.46,67.37,65.77,0
71.95,7.97,5,4.52,95.41,3.37,0.441,-0.94,46.17,72.7,0
80.57,7.02,8,6.26,50.84,7.5,0.318,-0.75,36.28,55.07,1
65.94,8.47,10,4.23,78.88,4.71,0.544,0.75,75.9,60.79,0
76.3,10.48,5,1.74,80.56,4.04,0.362,2.67,54.78,81.85,0
72.66,5.4,3,1.18,77.44,5.35,0.277,-0.89,64.4,67.04,1
92.52,6.03,5,2.98,59.47,6.47,0.11,0.65,55.27,69.28,0
78.82,7.09,3,2.69,57.32,7.66,0.201,0.15,47.67,80.02,1
80.06,3.96,8,1.55,85.27,4.1,0.375,1.13,62.35,89.45,0
68.82,5.54,9,0.18,82.58,4.14,0.366,0.64,32.76,47.66,0
67.69,6.57,7,5.21,82.42,4.55,0.226,1.19,58.08,57.63,0
68.51,10.62,7,1.22,83.87,7.06,0.167,0.29,99.61,86.87,0
80.92,8.79,6,0.9,51.57,5.11,0.56,-0.83,36.01,94.89,1
68.69,8.58,9,1.99,51.21,9.33,0.061,-0.68,88.52,61.07,1
79.35,10.55,5,2.24,61.94,4.68,0.092,0.21,100.0,69.07,0
100.0,7.59,5,0.47,64.24,8.53,0.224,0.47,44.29,70.27,0
88.07,9.17,5,3.63,62.97,3.21,0.679,-0.38,66.55,68.51,0
70.11,7.69,6,0.68,73.33,2.22,0.407,2.02,34.01,68.71,0
93.02,8.8,2,0.41,83.38,4.8,0.389,0.94,31.01,85.47,0
68.88,6.25,6,1.04,66.47,7.28,0.412,-2.08,63.34,37.99,1
44.43,1.0,6,2.62,60.22,4.05,0.727,-0.12,68.18,55.17,1
59.88,7.6,5,6.73,79.76,3.77,0.351,-1.03,48.66,74.58,1
46.94,12.27,7,3.31,66.62,7.05,0.093,1.91,37.38,57.56,1
69.73,10.78,6,5.64,71.29,6.41,0.494,-2.22,44.32,69.3,1
75.28,10.9,5,0.3,66.01,3.42,0.089,0.42,77.82,81.3,0
100.0,11.71,3,0.15,74.08,3.3,0.07,0.12,77.96,89.0,0
79.9,8.27,5,1.63,57.83,6.66,0.353,0.81,72.85,69.16,1
71.71,8.59,5,0.69,78.72,1.74,0.093,0.32,52.29,87.34,0
87.44,6.15,5,3.52,69.61,7.16,0.148,2.07,38.49,67.13,0
41.83,7.05,4,2.23,60.83,6.38,0.593,0.92,86.26,60.45,1
78.53,9.85,4,7.06,76.37,0.44,0.409,-1.84,92.82,41.85,1
86.56,11.61,4,0.59,60.82,5.03,0.046,1.4,49.5,49.95,0
52.82,7.58,3,1.33,61.35,1.04,0.143,0.2,56.82,65.07,1
92.16,6.65,9,1.39,55.58,2.59,0.267,1.41,30.66,65.38,0
80.08,8.0,6,0.55,49.56,3.99,0.141,-0.32,70.68,68.44,1
68.77,9.8,6,1.78,76.41,2.46,0.341,-1.06,100.0,92.55,0
84.49,3.67,8,1.17,83.99,9.44,0.289,-1.25,78.87,76.27,0
100.0,1.11,1,1.18,64.59,6.73,0.27,1.06,100.0,77.07,0
77.73,6.35,7,0.9,60.42,7.73,0.345,0.8,52.19,92.42,0
78.72,4.34,2,0.03,48.25,4.72,0.165,-0.59,33.85,59.65,1
68.11,6.48,1,1.48,43.92,5.06,0.194,-2.67,90.09,57.37,1
62.25,7.56,6,0.82,78.72,8.16,0.332,1.1,63.44,83.34,1
87.46,6.64,7,0.0,46.31,5.87,0.734,-2.04,42.14,72.29,1
62.16,12.36,2,0.74,56.27,6.22,0.47,2.17,97.45,64.33,1
76.07,8.98,6,0.65,73.4,3.18,0.327,-1.45,47.88,64.09,0
67.84,8.9,6,1.0,71.08,3.17,0.174,0.01,37.6,62.42,0
82.18,9.87,7,0.28,73.9,5.52,0.412,0.23,72.03,63.49,0
80.0,4.58,5,1.42,70.08,5.75,0.148,0.36,33.97,64.96,0
90.56,11.12,5,2.36,65.72,3.01,0.094,0.32,80.45,60.54,0
67.35,7.77,3,1.99,56.35,5.72,0.07,0.13,36.95,73.33,1
70.95,10.01,6,3.26,62.39,2.56,0.315,-0.43,65.03,76.2,1
60.32,4.78,9,1.2,66.53,5.03,0.644,-0.22,66.33,56.53,1
68.34,3.34,7,1.46,47.32,2.13,0.254,-0.65,65.3,78.54,1
80.66,10.45,7,3.33,60.56,7.66,0.209,0.12,34.25,45.93,0
86.35,9.13,6,1.12,65.53,4.38,0.339,-1.75,56.11,72.56,0
61.17,5.29,3,2.42,61.73,3.61,0.16,0.32,87.47,73.31,1
88.04,5.39,3,1.14,65.89,2.71,0.072,-0.1,55.96,63.74,0
95.33,11.38,5,1.08,78.02,2.52,0.072,0.84,36.98,65.86,0
81.2,4.43,8,2.86,79.5,5.87,0.263,-0.3,51.1,61.5,0
100.0,12.93,9,0.38,88.14,7.01,0.634,0.6,34.83,57.39,0
63.39,5.3,4,0.83,51.91,6.81,0.276,0.55,16.37,65.01,1
56.33,9.92,5,0.51,64.95,7.79,0.179,-0.14,56.47,56.81,1
48.32,7.01,6,0.89,84.73,8.5,0.382,0.35,62.0,82.09,1
97.44,9.81,10,0.52,49.05,6.92,0.108,-1.34,73.98,33.46,0
84.82,6.37,8,1.73,55.89,3.99,0.478,1.34,69.35,62.98,0
74.17,7.51,5,3.2,62.61,5.34,0.383,-0.55,72.29,36.49,1
79.2,8.12,6,3.09,94.53,0.49,0.338,-0.18,59.18,49.04,0
58.12,4.99,4,0.91,58.31,6.28,0.407,-1.05,100.0,56.35,1
100.0,10.22,5,8.98,83.01,5.3,0.174,-0.77,43.17,85.09,0
76.94,6.46,7,1.8,69.67,8.19,0.229,1.64,53.66,82.31,0
76.64,7.31,3,1.02,56.24,3.51,0.207,0.14,93.17,66.09,1
85.89,5.02,9,3.61,100.0,6.03,0.527,-0.3,52.2,65.96,0
82.22,1.0,6,2.62,72.34,2.99,0.331,-0.3,57.8,80.56,0
78.36,7.43,5,2.77,74.51,4.78,0.164,0.0,68.08,81.97,1
63.14,15.24,8,0.44,76.41,1.73,0.047,0.72,83.35,56.38,0
82.07,10.35,7,1.26,75.48,7.71,0.231,0.19,62.84,75.09,0
100.0,7.94,8,3.96,95.82,7.11,0.362,0.22,42.33,50.65,0
95.18,7.21,5,1.4,91.43,4.05,0.396,-0.92,51.8,59.16,0
98.9,8.07,4,2.3,58.82,5.52,0.368,-0.29,70.8,73.91,0
67.33,9.64,9,1.77,94.22,5.08,0.328,0.16,54.1,55.13,0
60.16,4.46,7,3.69,61.6,3.78,0.297,-0.03,50.65,59.68,1
73.11,11.34,4,0.67,73.87,5.25,0.344,-0.42,41.36,40.12,1
75.84,10.15,6,1.71,52.58,4.11,0.251,-0.51,83.87,71.76,1
91.41,10.15,7,0.26,82.44,6.96,0.447,0.44,57.57,51.76,0
49.61,9.32,4,2.34,66.31,4.58,0.129,0.46,57.7,52.68,1
97.94,8.06,7,2.63,56.21,9.78,0.124,0.99,73.6,85.33,0
72.63,10.02,3,0.09,84.26,4.84,0.167,0.2,32.75,54.69,0
68.6,9.78,4,2.25,87.23,5.23,0.296,-2.08,60.84,76.29,0
59.82,6.94,7,1.07,87.64,6.06,0.159,2.36,90.11,81.49,0
50.18,6.28,5,0.26,51.72,6.67,0.417,-0.01,58.72,78.76,1
87.35,8.31,6,1.09,88.88,5.16,0.061,-0.41,64.39,61.26,0
76.1,12.65,3,0.43,66.39,6.01,0.466,-0.06,63.94,58.59,1
55.65,4.28,4,1.07,94.62,5.37,0.354,-0.4,81.23,51.3,1
55.57,3.6,6,0.97,77.5,3.44,0.535,-0.82,64.02,38.58,1
69.96,8.49,6,2.68,73.02,2.9,0.404,0.61,100.0,76.58,1
100.0,8.15,5,2.98,70.1,6.4,0.171,-0.15,64.63,75.16,0
71.11,8.52,6,1.87,69.84,8.03,0.236,-0.09,51.28,72.15,1
52.45,8.73,9,0.05,61.85,1.74,0.22,-2.5,90.24,22.43,1
71.31,7.33,7,5.35,57.18,2.13,0.435,-0.23,55.79,62.34,1
70.91,12.47,4,2.32,65.65,2.11,0.324,-1.08,48.01,74.44,1
40.0,3.2,6,0.07,84.29,6.55,0.036,-0.52,36.23,84.3,1
74.19,5.51,6,3.42,53.24,6.72,0.094,0.24,69.58,69.48,1
71.54,7.69,7,0.45,86.09,3.05,0.287,-0.61,50.85,67.91,0
85.44,3.07,4,1.73,71.72,9.41,0.448,-0.48,44.45,54.82,0
100.0,7.47,5,1.26,79.38,4.23,0.467,0.1,48.68,70.68,0
91.9,12.98,5,1.09,80.0,7.87,0.336,-0.51,52.73,61.45,0
70.97,8.06,5,4.41,81.14,6.62,0.432,-1.06,76.65,54.06,1
58.4,8.69,3,1.15,70.27,3.08,0.569,-1.72,69.67,47.64,1
100.0,4.22,7,0.16,70.63,4.16,0.429,0.34,57.11,50.81,0
75.89,6.15,5,5.86,80.73,3.26,0.445,-0.52,71.22,69.87,1
75.21,6.87,10,5.06,57.5,2.31,0.322,-1.67,57.87,44.18,1
74.64,7.05,5,2.31,55.67,4.49,0.058,1.25,64.13,60.59,1
77.97,11.84,6,1.26,64.42,2.6,0.344,0.34,46.66,84.62,1
72.83,9.67,3,0.19,73.46,4.65,0.474,-1.19,46.85,43.49,1
66.4,4.67,4,3.13,93.05,8.87,0.08,-0.7,63.03,71.74,0
66.8,8.74,6,0.16,70.58,6.39,0.218,1.05,63.07,73.21,1
74.51,9.49,6,0.14,94.0,3.89,0.061,-0.18,80.22,60.63,0
66.85,11.42,7,1.54,76.19,3.72,0.291,-0.42,69.99,74.33,0
64.31,12.74,5,0.35,64.56,4.2,0.392,0.75,50.16,62.18,1
76.6,4.95,10,0.02,83.76,9.14,0.276,-0.17,34.4,76.93,0
71.18,5.57,1,1.1,67.09,2.82,0.244,1.23,77.65,48.98,1
97.56,4.23,6,0.3,73.01,5.0,0.059,-0.41,66.63,93.34,0
40.0,7.3,4,0.35,53.96,5.93,0.186,-0.57,79.38,86.56,1
91.37,9.4,3,0.16,51.9,7.43,0.504,0.02,69.18,31.55,1
93.69,10.96,4,0.46,76.64,4.33,0.462,0.96,96.1,82.59,0
43.9,7.77,3,2.51,83.24,3.07,0.3,0.25,55.67,56.34,1
69.86,7.04,4,3.31,93.35,5.58,0.022,0.1,60.83,86.49,0
69.43,8.46,6,1.2,60.29,7.63,0.557,-0.81,75.81,80.13,1
53.89,5.49,6,1.41,87.56,4.45,0.35,-0.95,77.26,48.69,1
63.33,14.27,10,0.07,85.77,3.32,0.181,0.97,66.54,73.63,0
58.34,3.18,6,0.14,64.11,5.22,0.211,1.07,28.18,54.49,1
100.0,8.55,6,0.6,86.66,1.75,0.363,1.04,24.64,73.07,0
89.04,14.07,3,1.57,81.33,4.56,0.275,0.79,52.28,65.69,0
94.07,8.02,7,2.69,83.71,7.36,0.302,0.45,60.44,54.06,0
85.83,7.43,5,1.86,96.01,6.75,0.05,0.43,22.64,44.95,0
58.06,6.93,7,1.0,83.21,4.71,0.17,0.13,59.4,68.45,1
67.13,7.46,3,0.25,44.36,8.32,0.143,0.56,73.02,71.96,1
82.34,12.12,8,3.04,73.87,8.82,0.033,-0.04,58.82,62.63,0
56.67,1.36,8,0.9,51.2,6.33,0.142,0.56,65.9,53.39,1
85.69,12.6,6,2.66,71.82,2.06,0.2,0.92,71.76,57.75,0
71.4,3.73,8,1.44,71.12,1.24,0.102,-1.26,27.97,48.56,0
69.38,7.2,8,2.68,63.0,7.77,0.173,1.1,73.05,76.04,1
85.66,6.71,6,4.76,57.67,5.49,0.455,-0.06,45.33,32.61,0
81.66,9.77,10,5.08,63.64,8.27,0.663,1.46,55.24,79.28,1
69.59,3.21,5,1.53,65.95,2.32,0.053,1.27,46.78,63.86,1
92.39,9.39,4,1.43,68.42,4.68,0.266,-1.03,81.48,72.82,0
58.78,14.07,10,0.62,71.27,7.06,0.403,0.0,36.55,74.3,1
84.24,3.91,10,5.49,77.02,3.54,0.462,-1.87,87.63,66.76,0
83.9,8.57,7,1.22,66.25,7.03,0.454,-0.39,100.0,59.15,0
70.36,6.01,6,0.27,85.36,4.75,0.533,0.36,28.98,81.59,0
79.89,9.28,1,1.13,69.54,5.06,0.264,0.85,48.28,39.27,1
56.23,8.06,4,0.27,81.09,2.63,0.552,0.07,72.25,84.53,1
88.86,6.08,7,1.4,66.35,5.5,0.101,0.44,40.13,48.15,0
72.23,9.46,9,1.65,100.0,9.39,0.182,-0.7,54.56,60.12,0
67.16,13.41,5,0.82,75.61,5.78,0.174,-0.02,63.52,86.47,0
90.74,7.43,4,0.15,89.62,3.42,0.116,-0.59,45.74,98.44,0
64.43,10.16,6,5.75,61.67,7.79,0.14,0.28,61.64,67.73,1
53.87,4.12,4,2.97,64.63,3.48,0.044,1.39,78.97,44.68,1
51.65,5.13,6,3.65,66.97,8.44,0.079,-0.06,58.43,77.81,1
84.09,9.42,3,0.91,99.68,2.45,0.492,-1.37,39.23,64.41,0
55.79,12.45,3,2.86,67.45,5.55,0.273,0.2,83.3,49.07,1
100.0,9.07,6,1.33,60.12,8.05,0.454,0.71,87.78,68.29,0
43.77,7.06,5,0.45,85.61,3.27,0.254,-0.92,67.37,45.35,1
100.0,8.0,10,0.27,70.71,5.17,0.106,1.24,40.36,67.93,0
78.17,4.25,6,0.85,67.38,7.31,0.339,-0.6,42.45,51.2,0
73.55,9.81,10,0.3,62.68,0.49,0.107,-0.76,12.63,35.48,0
66.83,10.65,6,10.0,75.87,6.85,0.544,-1.78,48.16,40.07,1
80.99,6.64,6,0.1,82.75,4.82,0.517,0.27,81.31,55.89,0
74.44,6.59,4,1.16,79.46,7.88,0.244,1.82,46.32,72.53,0
91.55,8.8,4,1.2,64.25,3.35,0.074,0.37,40.88,83.81,0
76.71,6.69,2,0.72,58.15,2.23,0.323,-0.73,80.46,86.41,1
77.25,7.8,6,1.69,30.0,3.91,0.081,0.51,83.03,42.32,1
69.55,14.3,3,0.32,58.65,3.87,0.299,0.8,49.28,61.63,1
74.15,7.26,7,3.06,65.53,4.59,0.39,1.16,70.19,55.85,1
79.62,6.92,5,0.81,69.29,4.06,0.232,-1.23,42.64,63.41,0
49.35,6.06,5,1.79,66.75,0.98,0.336,1.55,53.15,86.16,1
54.78,10.23,7,2.52,100.0,4.81,0.514,0.21,23.6,67.42,1
86.15,7.46,5,4.4,75.9,5.46,0.13,1.75,67.2,78.02,0
77.56,6.05,4,3.61,55.15,4.61,0.125,0.16,57.94,98.17,1
72.24,11.96,8,1.87,77.87,5.57,0.31,0.58,46.56,41.53,0
75.28,12.26,5,0.98,74.7,5.17,0.615,-0.95,58.16,57.88,0
80.21,6.2,5,1.4,57.4,2.24,0.195,0.98,55.7,73.57,1
66.9,2.4,4,2.93,73.47,4.4,0.199,-1.08,43.46,69.0,1
63.33,11.02,6,4.2,76.36,5.23,0.575,0.27,67.97,80.73,1
77.94,5.95,6,0.22,82.29,4.53,0.236,-0.43,54.04,59.24,0
60.32,10.37,4,0.97,48.69,2.01,0.203,-0.09,57.31,68.09,1
81.12,2.09,7,2.99,77.78,7.45,0.045,1.09,30.79,53.66,0
49.46,10.68,4,1.13,86.92,3.06,0.235,-0.36,57.49,80.96,1
90.44,4.37,6,0.81,92.65,2.52,0.146,1.11,56.41,65.63,0
82.09,10.19,8,1.06,55.29,5.08,0.143,-0.41,43.49,86.06,0
78.84,8.04,4,1.85,68.25,4.37,0.234,0.13,70.63,86.17,1
89.74,5.14,3,10.0,69.41,6.2,0.236,2.15,17.84,45.78,0
99.98,6.78,7,1.36,78.11,6.75,0.088,0.12,50.36,88.47,0
90.22,10.06,4,0.47,68.02,6.44,0.28,-0.08,66.2,78.97,0
47.39,8.32,8,0.36,61.42,5.0,0.164,0.14,100.0,62.65,1
55.81,9.75,9,0.09,72.61,6.11,0.404,-0.33,32.69,77.62,1
65.63,13.93,6,1.64,65.95,1.88,0.319,-1.0,61.77,57.38,1
75.39,3.31,6,1.57,76.75,7.19,0.131,2.06,70.96,85.42,0
82.76,12.85,7,0.46,60.29,4.19,0.416,-0.41,61.27,66.49,0
64.11,8.31,10,2.38,57.73,8.94,0.163,-1.52,35.35,78.32,1
77.8,5.3,3,2.7,85.79,7.25,0.377,-0.16,50.33,55.54,0
63.67,4.01,8,0.6,97.27,4.61,0.231,0.36,11.17,69.23,0
65.83,7.43,3,0.84,91.87,5.04,0.103,-0.21,60.08,78.29,1
53.9,10.76,4,9.31,69.14,7.37,0.457,-0.05,31.68,69.62,1
61.15,7.62,5,0.94,82.66,0.48,0.112,-0.16,69.11,73.42,1
54.72,12.53,7,2.86,61.76,4.68,0.253,0.43,46.93,53.6,1
60.36,3.65,7,1.21,76.1,8.4,0.324,0.82,45.05,69.57,1
90.8,7.96,5,3.15,62.99,6.69,0.232,-0.19,63.33,53.68,0
60.76,4.24,10,2.93,85.08,3.32,0.148,2.59,65.21,64.72,0
100.0,9.09,3,2.2,83.48,5.63,0.036,1.04,77.43,57.61,0
82.4,10.66,2,3.86,94.91,3.05,0.38,-0.01,54.77,61.93,0
77.77,6.74,5,5.6,67.25,4.32,0.508,-1.32,57.88,38.73,1
62.12,1.0,6,1.73,88.95,5.67,0.579,0.11,32.27,65.4,0
85.5,8.6,7,0.54,76.08,6.02,0.335,0.81,88.97,63.39,0
66.37,9.31,5,1.02,70.9,6.46,0.094,0.82,41.31,42.27,1
76.83,9.21,5,2.84,74.04,7.47,0.144,-1.85,74.5,70.12,0
100.0,11.71,7,2.1,90.38,2.61,0.354,0.12,74.64,77.39,0
73.56,4.79,8,0.39,68.42,5.05,0.239,-0.48,68.0,69.73,0
92.24,10.04,2,0.11,69.03,3.3,0.029,1.5,55.25,76.79,0
64.45,11.58,10,2.3,45.21,4.2,0.22,0.12,52.75,57.1,1
74.48,2.66,5,0.58,68.24,3.49,0.213,-2.28,58.72,61.81,1
100.0,8.96,5,1.38,73.17,6.0,0.098,0.37,21.92,66.11,0
65.6,6.49,7,2.75,60.85,7.11,0.22,-1.95,59.48,67.19,1
100.0,7.76,5,1.65,57.91,7.21,0.09,0.45,89.72,29.75,0
85.62,9.04,9,0.17,47.79,2.79,0.352,2.59,55.48,51.19,0
66.56,6.54,10,0.41,62.98,4.75,0.207,1.36,59.35,80.04,0
84.49,5.97,8,0.5,87.05,2.73,0.096,0.26,39.52,53.26,0
89.59,8.1,7,0.6,52.22,2.67,0.447,-0.66,63.71,61.3,0
84.33,4.74,5,1.67,79.47,3.68,0.278,1.27,44.44,64.22,0
51.45,4.74,10,1.4,80.55,5.69,0.338,0.64,77.0,44.89,1
64.09,10.04,6,0.45,99.43,6.04,0.322,-0.27,82.83,88.7,0
71.29,4.55,3,0.14,82.46,6.31,0.514,-0.54,87.19,64.53,0
73.88,10.0,3,0.38,81.45,6.18,0.213,-0.91,31.13,52.15,1
84.31,9.39,6,8.32,74.41,3.3,0.203,0.37,74.45,74.73,0
77.67,2.82,7,1.26,70.01,7.37,0.412,-0.42,72.94,60.55,0
54.97,5.97,9,4.04,80.23,6.61,0.159,0.17,51.7,65.88,1
80.7,11.58,8,3.78,84.98,4.17,0.164,0.93,83.85,86.13,0
84.16,5.06,5,1.43,72.05,4.25,0.241,-0.44,68.29,56.88,0
83.4,6.61,10,2.45,85.5,3.68,0.299,0.65,87.46,82.14,0
91.21,9.39,4,0.43,100.0,2.42,0.244,1.22,34.65,59.87,0
87.51,10.35,7,2.33,70.85,6.33,0.23,0.4,45.72,66.02,0
81.89,7.25,5,0.64,71.19,6.64,0.153,0.7,61.87,69.55,0
73.95,6.21,6,3.57,68.89,3.15,0.189,0.4,83.45,59.83,0
50.09,12.27,7,0.17,71.6,2.54,0.265,0.02,69.1,49.75,1
81.44,13.22,4,2.97,84.68,3.13,0.064,0.84,41.03,71.8,0
78.12,10.94,7,0.21,71.04,5.22,0.405,1.61,95.53,81.82,0
79.07,8.26,4,4.26,72.27,2.24,0.349,0.85,54.11,74.4,1
55.85,5.58,9,0.73,67.0,7.26,0.478,-0.19,41.67,73.97,1
58.78,5.51,10,2.12,75.87,7.14,0.33,-0.17,44.5,58.14,0
90.8,9.57,4,1.34,63.96,5.85,0.041,-0.13,33.36,75.33,0
74.41,9.26,5,0.91,55.29,6.62,0.333,0.95,15.05,70.37,1
85.22,12.2,8,2.07,75.37,5.12,0.232,-0.53,57.67,77.94,0
75.42,9.95,10,5.89,93.75,5.93,0.354,-1.02,28.91,66.48,0
75.45,3.49,8,0.08,66.52,2.4,0.101,0.47,66.27,73.95,0
89.07,11.16,9,5.02,57.51,7.78,0.231,0.02,79.69,57.75,0
67.26,5.01,8,1.88,92.99,4.03,0.5,1.48,67.53,75.43,0
76.44,6.85,8,3.29,70.55,4.74,0.404,-2.26,60.88,46.11,0
68.07,8.75,6,0.97,81.33,9.97,0.161,0.21,29.18,59.98,0
68.48,13.99,2,1.28,61.25,4.56,0.352,-0.4,76.92,54.54,1
70.36,17.33,9,4.06,70.12,6.48,0.257,0.81,98.93,100.0,1
78.33,9.82,2,1.07,86.81,6.03,0.187,-0.28,88.17,74.78,0
67.82,7.45,2,1.53,71.57,2.33,0.188,-0.58,33.39,48.74,1
93.84,9.6,4,0.04,71.72,3.0,0.223,0.94,58.44,44.48,0
61.58,10.66,4,0.35,52.14,9.07,0.298,1.28,54.35,38.81,1
72.2,7.04,5,2.05,79.44,6.16,0.117,-0.1,52.04,47.9,0
68.4,13.39,6,2.52,60.57,4.97,0.452,-0.08,60.54,52.27,1
96.7,8.69,9,1.75,83.44,3.93,0.61,1.27,100.0,50.37,0
77.95,9.49,6,0.31,72.43,5.64,0.213,1.16,62.15,57.99,0
90.48,10.0,4,1.18,73.49,5.83,0.259,1.03,51.11,77.52,0
52.72,9.26,5,0.88,79.27,5.45,0.383,-0.4,65.96,62.01,1
79.01,10.52,5,1.37,74.5,7.14,0.166,-0.66,33.73,75.69,0
88.34,6.15,5,4.09,90.62,3.27,0.252,1.64,45.68,49.02,0
76.23,6.33,10,2.99,88.72,3.0,0.587,0.61,79.72,59.26,0
90.98,4.7,5,0.18,55.39,7.09,0.134,-0.74,63.77,50.93,0
67.24,9.32,5,4.42,67.95,9.23,0.303,-0.11,100.0,71.64,1
96.14,10.34,4,1.28,80.04,6.69,0.341,0.08,65.35,62.28,0
100.0,9.37,7,2.72,58.69,7.6,0.206,-0.11,35.08,91.6,0
69.56,13.02,7,0.3,51.18,4.85,0.165,-0.29,28.3,54.94,1
68.32,7.98,4,2.22,60.88,5.53,0.302,1.23,80.03,49.41,1
96.8,10.01,7,0.54,68.62,5.51,0.245,0.53,39.17,69.45,0
98.69,4.72,6,1.15,30.0,4.89,0.022,2.25,37.38,62.36,0
67.16,6.84,8,0.03,56.63,7.82,0.064,1.29,49.7,72.54,1
68.7,10.09,4,0.33,48.66,7.23,0.22,0.14,79.93,64.07,1
70.77,10.55,4,0.19,83.76,4.2,0.127,1.42,52.65,62.89,0
54.83,7.12,3,0.55,81.18,1.71,0.215,0.35,43.17,54.98,1
61.22,7.79,10,0.21,73.34,4.87,0.377,2.42,84.25,60.96,1
59.94,3.45,9,2.35,71.2,2.69,0.236,-0.31,80.84,42.05,1
63.48,6.93,2,0.06,76.54,5.05,0.517,0.45,93.34,82.97,1
74.48,10.67,4,1.92,58.02,2.85,0.313,-0.6,87.03,84.05,1
78.51,9.73,5,0.3,85.03,7.51,0.371,-0.38,81.18,79.06,0
98.26,9.5,5,5.81,71.12,6.37,0.177,-0.34,44.98,58.13,0
60.02,8.15,6,5.41,81.01,6.32,0.119,1.24,73.18,55.58,1
89.76,8.02,3,0.51,80.52,7.14,0.395,0.21,84.29,72.49,0
71.79,6.02,5,1.91,76.41,5.78,0.337,-2.46,97.12,50.73,0
74.26,10.1,10,0.06,73.76,6.09,0.021,0.09,63.42,82.05,0
85.12,9.26,5,5.37,72.86,7.87,0.299,-0.97,50.16,29.28,0
58.16,9.48,4,1.48,69.24,4.73,0.127,-0.44,42.32,58.22,1
80.74,6.42,6,0.09,75.8,6.21,0.508,1.15,79.59,49.03,0
77.5,1.54,3,0.84,72.47,2.89,0.127,-1.34,46.67,83.7,0
82.39,11.29,7,0.16,64.16,5.16,0.287,-1.23,62.14,81.1,0
79.34,6.56,4,1.0,77.32,9.52,0.271,-1.66,42.39,73.47,0
100.0,5.41,7,2.22,73.37,6.63,0.492,-0.39,56.82,93.73,0
65.43,10.08,3,1.27,84.52,4.83,0.58,-1.69,68.78,65.15,1
67.04,6.82,6,0.97,48.27,5.53,0.307,-1.61,65.39,74.47,1
65.65,11.18,6,0.25,70.43,4.96,0.224,-0.23,74.76,41.04,1
66.67,9.85,4,0.56,61.3,5.46,0.431,0.31,32.52,60.2,1
65.44,10.05,8,0.21,63.79,4.2,0.363,-0.91,57.67,66.65,1
92.84,3.9,9,3.3,76.72,5.99,0.155,0.36,50.6,51.25,0
96.31,11.64,1,0.29,52.77,6.06,0.36,0.11,40.35,68.83,1
66.44,8.78,6,1.81,71.6,5.01,0.38,0.54,45.01,35.47,1
62.51,6.89,4,0.84,70.37,5.28,0.381,-1.04,42.12,72.5,1
82.07,8.43,9,0.51,57.4,5.68,0.311,1.98,67.0,58.48,0
66.72,2.67,6,2.04,71.9,3.95,0.448,-1.14,68.0,53.19,1
84.49,9.23,4,1.22,60.86,5.97,0.261,-0.63,77.51,76.15,1
78.04,4.91,6,1.02,96.37,6.56,0.205,0.51,66.56,86.96,0
52.26,3.94,3,1.8,84.42,7.93,0.57,0.12,63.18,78.38,1
98.21,3.43,6,1.35,70.81,5.64,0.601,0.85,61.58,52.83,0
100.0,11.34,10,0.72,64.82,3.89,0.185,-0.31,73.51,75.02,0
65.81,6.11,8,1.64,76.05,4.79,0.691,-1.23,17.86,61.16,1
69.18,12.6,7,2.21,79.21,2.71,0.211,-1.53,58.82,81.94,0
79.29,6.39,2,0.05,73.05,6.45,0.365,1.78,66.34,68.32,0
80.02,2.88,2,1.25,57.82,0.88,0.462,-0.3,95.79,42.88,1
84.88,4.65,9,0.12,67.48,7.05,0.24,-0.17,37.77,61.37,0
100.0,11.71,9,0.41,70.94,7.29,0.328,1.8,37.06,52.62,0
72.35,7.53,10,1.64,73.48,0.0,0.149,-0.49,14.58,53.34,0
63.03,6.36,10,4.02,73.76,7.55,0.283,0.02,32.18,60.13,1
54.31,8.48,3,4.29,78.77,7.05,0.18,-1.03,56.97,69.11,1
64.04,9.51,8,0.15,86.1,4.42,0.38,-1.31,45.52,78.62,0
74.5,11.35,8,1.09,82.15,2.62,0.658,1.89,45.09,57.12,0
100.0,12.35,8,1.75,77.08,3.32,0.685,1.9,60.46,83.19,0
67.24,6.92,5,0.32,54.91,3.48,0.602,1.02,71.65,39.46,1
78.36,4.02,4,2.9,84.24,7.63,0.342,0.99,60.25,52.43,0
74.75,6.76,7,2.73,79.83,4.1,0.262,0.75,60.53,95.72,0
92.83,8.78,6,4.67,66.93,6.81,0.185,-0.74,68.07,47.86,0
100.0,5.11,7,0.02,70.36,4.75,0.36,0.29,23.35,83.77,0
67.04,5.13,2,0.49,70.79,5.11,0.216,-0.5,62.58,64.61,1
67.66,9.03,4,3.51,64.75,1.86,0.352,-2.59,58.5,63.94,1
90.66,7.85,2,2.22,49.02,2.71,0.1,1.12,59.86,79.03,0
85.23,8.1,6,4.5,56.6,7.59,0.104,0.55,48.32,76.93,1
100.0,5.72,4,0.12,59.12,4.69,0.336,-1.32,55.89,85.01,0
83.76,7.31,8,1.82,46.39,5.6,0.192,-0.36,68.05,61.29,1
69.61,5.23,1,1.68,56.64,8.61,0.352,1.05,92.18,67.14,1
83.86,10.67,7,0.07,83.69,4.74,0.061,0.13,26.17,61.25,0
91.63,11.11,2,1.44,75.83,4.63,0.208,-1.7,71.44,48.32,0
87.31,2.46,6,1.88,58.35,7.41,0.359,-1.21,84.36,67.56,0
82.61,5.21,6,0.42,61.74,5.02,0.387,1.86,34.59,62.53,0
91.0,3.51,8,0.64,84.75,5.64,0.15,0.07,56.41,36.93,0
92.54,6.05,5,2.05,84.45,6.99,0.515,1.06,65.52,81.64,0
95.73,7.75,8,1.26,70.84,5.0,0.248,1.84,100.0,67.22,0
84.73,3.65,5,3.9,84.1,6.58,0.122,-0.46,100.0,54.5,0
72.49,5.23,9,0.84,60.81,4.77,0.238,0.35,34.59,69.99,0
77.2,4.99,5,0.62,72.73,6.96,0.435,-1.97,53.96,57.14,0
93.1,8.62,8,8.38,52.31,5.84,0.151,-0.61,63.99,68.02,0
62.75,8.21,2,4.84,65.63,4.55,0.168,0.58,71.13,85.81,1
80.53,5.83,3,0.06,70.34,5.15,0.464,-0.19,64.02,70.98,0
69.1,8.53,2,2.95,49.78,0.11,0.498,0.45,41.04,57.69,1
75.43,6.36,6,0.23,77.12,7.39,0.364,0.93,40.15,49.54,0
94.18,7.19,9,0.06,79.12,2.49,0.338,0.56,29.17,54.28,0
77.87,13.02,5,0.64,82.13,2.86,0.378,0.33,19.59,77.18,0
75.7,12.02,0,0.63,98.01,4.12,0.42,0.19,28.72,64.15,0
54.6,4.1,10,3.42,75.0,1.41,0.159,-0.57,83.23,73.4,1
86.19,10.49,3,2.48,69.23,5.94,0.361,-0.92,74.21,60.81,1
84.68,10.43,10,7.99,50.78,5.72,0.366,1.36,71.07,51.0,0
100.0,4.56,5,2.49,74.7,4.03,0.182,0.79,55.55,73.98,0
70.38,10.46,5,1.08,76.71,3.64,0.427,-0.79,59.17,52.87,1
78.29,12.61,4,2.4,53.73,3.61,0.582,0.06,54.63,58.88,1
78.74,4.63,10,10.0,67.12,6.23,0.076,-1.39,28.26,46.64,0
98.66,5.25,5,2.48,70.13,1.81,0.393,-0.48,72.95,50.97,0
73.57,11.05,4,2.87,76.35,4.18,0.272,0.54,77.05,78.44,1
79.19,8.81,3,5.57,80.27,1.94,0.309,0.26,36.99,80.72,1
84.12,9.65,4,0.24,63.56,6.54,0.108,0.12,36.98,81.37,0
77.8,9.02,7,2.44,72.42,4.33,0.155,-0.88,67.04,81.42,0
68.3,9.17,3,3.81,76.88,6.09,0.049,-1.09,66.86,59.69,1
77.91,4.02,4,6.17,67.82,7.5,0.063,0.95,74.65,74.98,0
91.1,11.14,10,0.47,64.94,7.53,0.463,1.69,88.27,80.79,0
59.6,11.51,4,1.4,78.55,2.96,0.534,0.55,38.84,51.91,1
76.99,7.31,8,2.28,67.87,5.62,0.473,-0.17,58.36,67.91,0
64.5,7.87,5,0.57,55.63,7.24,0.098,1.23,39.99,63.09,1
92.93,3.41,3,1.83,86.48,6.39,0.605,-0.84,41.43,36.93,0
52.15,9.54,9,0.6,56.96,6.59,0.635,1.05,51.4,69.88,1
66.62,9.72,6,0.81,68.87,1.43,0.462,-0.6,88.81,54.28,1
80.66,7.81,8,1.17,73.86,6.36,0.087,-0.55,82.1,80.77,0
98.48,11.37,5,1.51,75.46,3.41,0.716,-0.33,58.5,53.56,0
74.01,7.0,4,1.19,72.04,6.33,0.383,-0.1,16.88,69.94,1
66.67,9.69,8,1.36,34.69,6.29,0.391,0.91,67.86,66.68,1
100.0,4.94,4,0.71,61.57,6.18,0.362,-1.3,67.39,39.16,0
53.28,7.93,7,0.35,73.56,4.78,0.322,-0.6,41.33,60.19,1
42.02,7.48,7,0.1,68.69,7.63,0.178,0.21,76.61,70.36,1
81.6,8.68,6,0.44,76.14,6.02,0.404,0.56,40.94,80.35,0
67.47,6.89,5,1.74,82.26,5.64,0.361,-1.7,76.55,65.28,1
59.68,7.61,9,3.08,76.08,3.13,0.337,-0.79,64.82,78.59,1
85.63,10.48,7,0.37,61.25,5.79,0.08,-1.75,30.8,73.06,0
78.66,6.69,10,0.23,63.54,8.96,0.556,-0.7,52.77,73.56,0
66.54,3.18,4,2.77,89.58,2.22,0.269,-0.44,62.89,74.23,0
55.8,13.25,2,0.73,67.85,6.46,0.045,0.5,66.0,60.88,1
88.09,12.14,9,6.05,68.86,6.71,0.143,-2.29,80.66,50.16,0
84.75,4.12,10,2.51,76.12,8.45,0.559,0.65,83.16,88.55,0
73.51,10.07,7,0.79,84.85,6.45,0.534,-0.51,55.23,76.52,0
100.0,6.49,3,0.68,59.18,5.02,0.277,-0.34,71.19,63.97,0
58.95,8.79,6,1.48,64.05,5.85,0.289,0.97,92.16,74.26,1
52.12,8.88,7,0.16,50.75,4.46,0.12,1.34,39.63,70.96,1
64.62,7.3,9,0.25,66.44,7.44,0.553,-0.66,47.84,52.19,1
74.32,5.65,4,0.39,76.81,1.9,0.085,-0.66,26.9,59.93,0
78.65,5.93,8,2.98,65.63,4.02,0.519,-0.35,47.37,84.9,0
71.38,5.25,10,1.44,91.12,5.89,0.281,-0.67,64.12,64.92,0
80.28,5.5,9,0.02,71.39,7.34,0.314,-1.44,17.68,70.63,0
56.23,7.8,8,2.24,68.77,4.97,0.354,-0.03,68.74,83.89,1
96.66,5.85,7,1.1,65.77,3.44,0.158,-0.66,50.55,64.88,0
73.77,10.05,6,1.43,53.68,4.58,0.207,0.1,58.75,51.03,1
91.76,12.46,7,0.48,68.92,4.27,0.038,1.71,36.62,66.7,0
80.14,6.26,8,1.6,74.3,4.36,0.151,-0.11,57.95,56.62,0
81.85,8.72,4,7.74,68.58,4.13,0.512,-0.76,93.58,44.13,1
83.55,9.5,7,0.15,72.77,4.13,0.264,-0.27,52.0,77.05,0
81.72,9.42,10,0.67,61.95,1.57,0.134,0.13,15.74,61.16,0
84.64,8.23,2,0.56,55.06,5.6,0.132,-0.17,84.28,20.22,1
94.94,10.23,8,0.57,68.73,6.35,0.214,-0.56,70.85,68.8,0
77.95,9.45,8,0.95,72.65,8.0,0.441,-1.66,61.88,68.99,0
85.64,4.29,3,3.41,67.98,6.72,0.367,0.63,71.36,94.26,0
73.65,10.61,5,4.88,72.44,6.62,0.284,-0.89,61.65,64.94,0
96.6,10.66,4,0.45,79.32,5.59,0.258,1.46,92.87,81.01,0
64.85,5.71,4,1.57,79.27,1.47,0.228,-0.37,75.04,74.7,1
100.0,8.11,3,2.03,80.29,5.56,0.18,-0.52,50.87,56.16,0
74.4,10.05,4,1.48,82.06,5.22,0.26,-0.47,89.84,70.22,0
53.54,7.37,6,1.14,75.96,7.06,0.248,0.15,96.4,62.53,1
76.92,11.22,10,0.43,74.28,6.13,0.109,-0.87,78.21,54.68,0
64.78,15.09,4,1.34,93.32,4.74,0.105,-0.68,68.14,57.25,0
87.61,5.64,6,1.03,79.4,8.92,0.377,0.62,42.92,55.22,0
65.21,3.86,4,3.17,59.86,6.7,0.297,-1.02,73.71,64.85,1
68.31,8.91,9,2.88,47.64,5.68,0.179,0.55,67.76,64.93,1
46.66,10.16,8,0.29,67.11,5.91,0.299,0.83,59.46,56.75,1
68.22,7.31,3,0.19,77.5,5.12,0.278,0.67,73.99,61.88,1
40.0,12.36,10,4.78,81.51,5.03,0.306,0.23,61.74,36.86,1
51.24,3.98,7,1.53,54.99,0.66,0.657,-1.8,70.98,49.87,1
86.41,10.08,9,3.9,78.75,3.17,0.752,-1.21,80.72,60.61,0
86.79,6.18,4,0.12,83.62,3.92,0.34,-1.36,33.38,90.08,0
81.38,13.16,10,1.5,77.3,5.9,0.039,-0.38,39.51,74.5,0
60.5,13.98,6,1.55,74.99,1.7,0.358,0.03,41.76,50.34,1
74.28,5.7,9,3.94,68.41,3.96,0.291,-1.19,98.8,89.22,1
74.95,6.35,9,0.21,64.48,3.7,0.257,-0.17,72.67,64.98,0
57.62,10.58,9,0.55,79.43,5.23,0.242,0.68,74.53,47.98,0
97.55,6.84,10,1.04,77.0,5.91,0.101,-1.0,82.59,63.82,0
88.16,7.86,4,4.02,66.07,3.71,0.132,-0.82,39.07,79.78,0
71.69,8.08,5,5.59,100.0,3.85,0.338,1.18,19.23,47.99,0
75.4,2.24,2,9.85,51.88,3.64,0.652,-0.93,58.74,49.46,1
78.13,7.96,7,6.4,67.21,4.22,0.213,0.34,77.95,92.09,1
44.37,5.93,5,0.01,60.74,4.9,0.436,1.24,56.05,69.45,1
71.29,6.52,8,0.1,74.61,7.63,0.182,-1.18,32.6,57.93,0
64.77,12.33,5,0.32,46.61,2.98,0.337,-1.11,41.9,63.41,1
59.98,4.23,6,0.86,85.23,8.5,0.454,-0.23,36.41,69.28,1
70.78,10.44,5,3.54,82.07,2.53,0.32,0.07,47.75,62.1,1
100.0,7.16,2,4.46,73.21,6.91,0.537,-0.64,36.81,85.25,0
84.61,7.16,7,0.41,66.28,4.05,0.309,1.97,62.94,66.48,0
66.43,10.37,9,1.93,78.6,3.18,0.257,0.54,49.05,74.96,0
83.59,9.02,5,4.99,73.94,7.63,0.203,-0.8,72.67,66.25,0
95.99,9.71,5,1.25,81.42,5.16,0.345,-1.37,40.47,64.44,0
88.87,10.9,7,0.22,68.53,5.09,0.253,-0.06,65.11,78.39,0
75.89,7.01,4,1.22,67.82,4.45,0.147,0.44,59.25,78.71,0
65.3,6.16,9,0.94,82.93,3.84,0.081,1.84,67.92,40.5,0
85.47,4.74,1,1.72,77.6,4.65,0.338,0.08,70.73,64.71,0
80.9,5.52,9,1.15,67.91,0.0,0.173,-0.24,72.87,95.75,0
88.43,16.85,1,0.03,74.41,1.29,0.387,-0.98,76.62,58.31,0
84.53,11.73,6,10.0,72.22,5.78,0.44,0.37,70.85,71.81,1
90.74,3.95,5,1.57,75.61,7.37,0.325,1.02,65.96,83.71,0
66.97,4.03,5,1.28,85.23,7.73,0.119,-1.79,46.67,48.38,0
94.76,9.45,10,6.19,65.8,3.09,0.404,0.07,77.01,59.4,0
77.96,9.64,3,0.34,62.27,5.39,0.334,-1.02,46.06,41.42,0
100.0,9.65,4,0.42,73.29,0.61,0.168,-1.36,54.16,66.57,0
64.66,7.24,6,3.3,63.56,4.3,0.609,1.69,42.77,70.77,1
100.0,7.62,10,0.6,59.07,6.65,0.247,0.89,42.35,74.65,0
77.97,8.98,8,3.21,81.92,4.97,0.205,-0.61,53.66,88.61,0
65.23,8.26,7,0.63,66.55,4.34,0.48,-0.16,55.34,65.95,0
67.74,1.34,4,0.07,47.58,4.97,0.271,-0.32,43.73,47.71,1
70.19,7.31,6,1.46,80.17,7.57,0.216,-1.13,60.44,51.79,0
81.36,5.45,6,0.44,64.74,4.51,0.19,-0.54,63.14,53.57,0
82.84,8.53,5,2.84,76.93,5.15,0.57,0.78,49.1,68.12,1
66.39,16.96,4,2.05,83.0,8.04,0.064,-0.57,100.0,100.0,0
74.63,9.1,4,5.14,72.28,4.54,0.52,0.46,66.65,63.92,1
100.0,7.06,5,3.06,45.57,1.73,0.366,-0.56,62.37,85.61,0
100.0,10.77,7,0.4,46.44,7.74,0.435,-1.18,46.48,63.29,0
81.54,9.45,5,3.22,61.93,7.03,0.099,1.19,62.76,47.58,1
75.57,9.26,6,2.05,69.32,0.57,0.429,-2.13,64.82,52.75,0
76.8,9.82,8,2.21,84.4,4.74,0.314,1.78,59.93,54.06,0
84.2,14.17,5,3.57,73.5,4.96,0.19,1.0,88.37,63.17,0
59.66,4.61,4,1.71,100.0,7.74,0.58,0.18,25.97,71.08,0
71.14,9.42,6,1.25,52.1,4.97,0.247,-0.45,52.39,55.12,1
49.97,5.22,7,2.02,71.46,5.33,0.381,-0.37,74.28,76.86,1
80.99,9.67,7,0.71,64.65,5.39,0.337,0.2,42.07,80.71,0
84.71,5.24,8,0.4,72.82,4.07,0.1,0.18,29.07,61.05,0
67.75,6.75,9,1.92,91.02,7.59,0.418,-0.96,49.62,78.77,0
98.61,7.11,1,0.53,91.78,3.42,0.326,0.07,80.88,35.87,0
56.61,10.93,10,0.17,70.65,4.03,0.139,0.26,42.54,29.63,1
53.03,10.76,3,0.0,80.34,4.99,0.197,-0.3,52.87,77.49,1
78.37,4.26,10,1.87,72.59,2.32,0.06,2.24,68.43,58.67,0
90.71,8.16,7,0.9,57.1,8.53,0.415,-0.13,48.41,98.05,0
100.0,5.87,3,2.79,70.17,5.0,0.19,-1.76,51.2,63.61,0
68.12,4.22,0,0.94,63.94,6.65,0.159,-1.01,46.96,50.0,1
91.18,7.35,10,1.33,69.25,3.09,0.269,0.7,48.64,90.3,0
74.42,7.07,4,1.05,59.77,6.42,0.266,-0.72,36.74,74.84,1
72.41,15.28,2,2.1,71.86,6.59,0.198,-0.99,54.85,88.23,1
88.25,9.3,8,0.88,73.67,6.88,0.137,1.4,81.28,56.2,0
84.78,3.87,3,6.64,78.45,8.81,0.15,0.17,91.66,70.47,0
51.35,6.31,4,5.5,73.72,3.88,0.168,-0.6,85.0,51.87,1
97.15,11.06,4,3.77,89.62,4.63,0.056,-2.77,62.75,38.81,0
95.7,14.27,6,5.06,96.31,3.31,0.242,0.62,93.18,76.14,0
65.62,3.24,9,1.19,65.15,4.81,0.271,0.02,100.0,58.15,0
80.94,2.36,10,1.54,81.64,6.33,0.408,1.3,63.63,50.06,0
82.41,13.61,7,2.71,95.38,6.22,0.237,-1.09,40.19,44.18,0
78.91,9.17,6,2.38,81.95,8.28,0.212,-0.37,86.24,67.74,0
66.75,5.4,5,4.43,78.61,5.98,0.597,0.3,35.93,65.96,1
64.93,9.6,10,2.52,48.14,5.0,0.241,1.26,42.27,57.75,1
74.62,1.0,8,10.0,63.3,2.82,0.247,0.26,18.35,54.89,1
92.59,8.01,5,0.86,65.05,6.73,0.236,-0.71,74.55,76.49,0
83.15,8.98,8,3.58,86.65,4.69,0.172,1.3,13.69,27.77,0
69.44,10.77,6,2.39,61.23,6.78,0.299,-0.31,79.86,74.46,1
86.58,4.96,8,2.35,68.98,4.15,0.226,0.18,96.19,71.98,0
40.0,8.26,8,0.79,80.08,7.4,0.265,0.75,94.56,46.54,1
92.23,5.22,6,3.08,60.69,5.77,0.113,1.56,34.68,35.99,0
48.9,8.77,5,4.61,73.35,6.98,0.347,0.37,22.73,73.83,1
69.56,5.31,10,0.49,71.79,5.77,0.1,2.59,47.15,47.39,0
58.2,6.78,4,1.96,80.53,3.15,0.25,-0.09,77.58,88.6,1
55.58,5.01,6,1.0,77.91,4.27,0.485,0.29,84.08,96.77,1
92.41,9.95,10,9.12,77.53,2.44,0.729,-0.62,73.29,71.4,0
67.98,10.58,6,1.3,72.41,5.37,0.344,0.32,70.56,63.48,0
80.2,7.3,5,0.52,49.89,2.07,0.017,0.3,100.0,61.71,1
74.3,8.11,10,0.96,71.68,5.59,0.37,1.05,50.44,39.41,0
82.16,3.65,6,2.12,70.66,0.0,0.568,0.44,44.44,60.71,0
76.15,7.1,7,0.16,79.2,6.62,0.402,-0.53,36.22,58.12,0
55.76,7.85,4,1.85,64.92,2.79,0.452,0.26,68.66,55.46,1
89.94,15.86,6,5.35,70.5,3.09,0.163,-0.67,56.41,70.88,0
67.59,4.66,8,3.8,70.88,7.74,0.246,0.55,76.5,66.97,1
51.65,12.39,2,0.14,61.45,5.64,0.25,-0.56,50.99,76.79,1
68.58,10.99,5,10.0,56.16,6.69,0.246,-1.4,72.58,58.35,1
97.51,8.84,2,2.4,74.59,2.99,0.288,-1.13,52.32,74.04,0
87.75,13.28,4,0.35,82.09,6.92,0.061,-1.17,56.75,65.12,0
69.77,9.12,8,0.02,62.5,4.73,0.424,-0.53,58.64,73.95,1
69.76,9.17,6,0.38,67.39,5.24,0.493,-0.85,25.99,63.83,1
70.18,7.84,3,3.64,79.95,7.98,0.094,-0.02,57.2,91.67,1
100.0,11.67,6,0.04,81.12,2.67,0.215,-0.39,71.24,28.38,0
80.73,11.29,5,0.53,72.78,6.83,0.372,0.52,40.24,74.38,0
81.45,6.12,8,2.83,74.97,5.77,0.106,0.38,98.2,77.85,0
90.45,4.04,4,1.76,76.38,4.57,0.073,-0.32,60.1,46.0,0
78.58,7.39,10,3.05,78.53,2.81,0.321,1.24,47.46,92.37,0
71.11,5.6,9,2.74,57.14,4.55,0.255,-0.93,46.85,65.34,1
72.05,7.81,7,0.1,93.01,3.36,0.477,1.01,87.41,63.13,0
73.93,11.71,4,4.46,73.29,7.37,0.159,0.16,43.5,70.57,0
74.44,6.63,8,0.52,78.76,5.18,0.288,-0.39,65.96,78.31,0
85.91,7.87,8,1.61,60.86,3.65,0.309,1.13,77.66,66.98,0
75.78,8.17,3,2.07,67.77,2.12,0.172,0.56,71.08,66.51,1
85.99,10.55,9,0.37,74.52,4.07,0.323,-1.08,48.75,77.57,0
73.79,1.26,4,7.48,48.35,7.47,0.196,0.36,76.78,79.53,1
76.18,6.18,10,1.34,59.19,5.22,0.334,0.36,63.12,70.05,0
45.03,8.63,7,0.12,61.3,4.64,0.363,1.01,25.6,41.79,1
88.74,11.6,3,5.54,54.66,8.4,0.15,0.59,84.47,49.72,1
80.2,6.52,7,1.77,71.27,4.17,0.411,0.66,47.73,81.27,0
89.97,2.37,4,2.4,69.11,3.38,0.118,-0.44,56.49,60.83,0
40.0,9.86,4,1.49,87.08,5.81,0.247,-0.21,66.19,56.02,1
100.0,6.09,7,3.6,56.55,5.84,0.348,-0.25,49.36,71.6,0
72.91,4.43,7,0.07,72.82,3.83,0.271,-1.6,75.14,69.74,0
91.62,6.13,9,0.62,59.44,3.4,0.127,1.29,37.92,61.73,0
59.4,7.45,10,1.27,49.39,7.89,0.329,-1.12,48.51,76.15,1
84.19,6.19,4,0.16,77.05,4.13,0.272,0.27,84.51,45.98,0
59.2,1.38,8,2.45,78.05,2.1,0.274,-0.33,60.51,39.01,0
65.64,10.69,4,1.0,76.63,5.39,0.466,-0.24,38.86,87.54,1
100.0,11.82,7,0.64,54.2,6.79,0.255,0.68,61.57,48.16,0
72.14,9.95,10,0.01,71.0,4.62,0.266,-0.78,68.03,42.87,0
78.26,4.59,10,2.54,77.17,6.07,0.26,0.46,28.28,60.11,0
88.05,7.4,7,3.59,81.43,2.91,0.539,0.47,93.09,64.56,0
82.44,7.98,5,1.01,77.54,6.26,0.234,-0.78,95.79,57.82,0
77.26,9.8,7,1.66,81.58,3.09,0.317,0.91,62.4,61.57,0
80.47,10.01,6,0.52,82.81,5.61,0.005,1.37,56.0,43.68,0
100.0,5.8,9,1.95,71.26,6.54,0.009,2.02,60.46,75.71,0
74.14,8.25,9,0.02,75.98,5.2,0.549,-0.26,77.86,42.06,0
78.02,9.37,4,1.34,82.0,2.53,0.149,0.19,69.05,65.34,0
90.76,12.37,4,2.07,74.68,2.62,0.548,0.25,64.78,68.51,0
91.58,10.11,4,5.01,84.39,8.19,0.326,0.67,87.65,74.73,0
92.81,10.37,2,0.96,80.49,3.46,0.123,1.75,82.62,68.41,0
84.58,8.25,10,2.9,62.41,6.53,0.148,0.49,40.8,48.68,0
57.85,12.23,8,1.82,54.33,5.24,0.36,0.51,77.75,58.83,1
99.5,9.23,2,5.23,70.23,2.99,0.455,-1.09,83.03,54.44,0
57.8,5.42,4,1.02,55.83,3.93,0.127,2.05,65.57,41.4,1
79.54,12.21,10,0.77,71.0,8.4,0.241,-0.48,71.98,71.53,0
63.69,10.09,2,4.36,69.91,11.98,0.176,-2.66,53.85,53.65,1
74.04,6.67,3,0.1,85.61,4.37,0.23,-2.28,35.91,67.23,1
79.93,6.56,5,0.29,76.06,4.23,0.092,0.33,97.75,63.33,0
79.82,8.89,6,0.17,81.74,1.72,0.219,-1.27,33.21,47.96,0
81.33,9.39,10,3.7,64.12,1.7,0.327,0.05,93.63,46.96,0
99.21,8.59,3,0.02,88.36,3.29,0.355,-1.49,58.7,59.97,0
81.8,8.93,7,3.96,80.72,4.11,0.568,0.31,84.95,45.3,0
71.34,13.1,4,1.2,75.13,4.95,0.114,0.56,60.46,79.83,1
89.46,11.21,6,0.01,48.32,6.38,0.377,0.18,78.75,85.17,0
92.84,8.57,5,1.03,84.14,5.44,0.178,-0.7,68.98,76.75,0
56.59,10.82,8,0.41,91.28,6.41,0.26,0.88,46.61,70.24,0
83.96,4.9,6,1.96,70.14,3.77,0.466,-0.4,62.68,65.92,0
85.52,9.19,1,2.27,70.38,4.86,0.158,-0.19,57.14,49.28,1
70.54,13.43,5,1.34,63.8,4.27,0.219,-0.51,72.86,77.41,0
95.64,7.35,9,0.08,50.42,2.47,0.437,-0.27,62.83,85.56,0
72.75,5.46,4,2.13,63.25,1.05,0.189,1.87,65.72,59.91,1
76.88,6.04,1,3.69,89.91,3.66,0.38,-0.0,39.48,64.46,0
72.4,4.73,4,2.55,82.95,0.04,0.101,-1.27,34.44,52.88,0
75.23,5.65,8,3.54,60.73,2.73,0.231,-0.96,61.41,60.03,0
58.56,6.89,6,0.45,63.06,6.09,0.409,-0.28,63.63,46.14,1
53.4,3.78,6,4.39,95.62,5.36,0.709,-0.79,38.97,60.66,1
98.92,8.05,6,0.78,57.76,5.04,0.42,0.95,71.43,71.49,0
62.3,10.71,2,0.03,61.41,7.36,0.656,-1.42,72.3,69.88,1
60.13,5.28,5,3.71,64.85,3.54,0.078,-0.12,63.12,68.76,1
42.7,12.56,10,5.69,53.7,6.36,0.118,1.01,60.31,28.38,1
65.42,9.53,3,2.13,63.55,3.39,0.206,-0.63,34.65,65.72,1
55.15,11.09,8,0.53,63.73,5.55,0.373,0.44,34.31,74.2,1
99.63,6.03,1,0.58,59.17,5.31,0.428,-0.04,67.89,64.87,0
90.15,10.56,9,1.26,85.94,5.42,0.15,-0.03,43.44,82.03,0
64.68,4.72,10,4.56,56.0,4.23,0.176,0.51,44.84,63.5,1
100.0,10.67,5,0.32,68.3,5.64,0.463,-1.86,65.58,70.96,0
89.73,8.52,10,3.5,59.48,5.8,0.361,1.2,100.0,49.96,0
70.13,9.66,2,0.69,67.48,2.14,0.051,-1.9,52.05,73.79,1
40.0,4.47,5,3.31,58.92,6.7,0.307,1.14,100.0,76.8,1
100.0,5.31,3,5.06,70.91,2.53,0.066,0.43,58.47,54.3,0
54.16,9.79,5,1.12,73.86,3.25,0.23,0.47,71.28,43.56,1
50.32,5.15,8,0.91,86.83,5.48,0.154,1.61,79.19,58.24,1
90.34,9.39,3,3.24,62.94,6.2,0.245,1.18,80.65,50.03,1
100.0,3.9,10,1.51,89.41,5.44,0.122,0.81,66.78,73.98,0
95.76,10.54,2,2.31,60.32,5.65,0.489,-0.29,55.41,57.67,0
83.46,4.3,5,1.95,67.14,2.73,0.419,-0.36,76.56,75.78,0
83.92,9.66,4,0.33,91.18,3.95,0.327,0.84,68.48,41.54,0
87.8,9.88,3,3.73,100.0,0.9,0.304,0.45,51.28,52.58,0
86.38,5.91,9,0.44,90.23,3.16,0.056,0.3,88.18,53.54,0
79.22,9.75,10,5.38,67.32,2.32,0.173,-0.06,69.15,69.13,0
76.56,8.78,4,0.58,76.18,5.03,0.467,-0.41,45.02,33.85,0
74.06,6.38,7,2.65,78.19,9.71,0.475,-1.39,42.68,60.88,0
63.69,4.97,2,0.67,74.15,6.52,0.304,0.64,99.18,59.53,1
70.79,2.11,5,0.76,57.91,0.51,0.141,-0.18,50.15,70.42,1
49.61,9.05,5,0.74,72.81,1.96,0.168,-0.25,75.06,65.76,1
73.52,3.31,3,2.76,63.93,2.4,0.271,-1.81,67.54,50.68,1
60.17,8.29,6,1.63,58.38,1.49,0.105,0.09,74.38,31.12,1
58.45,7.21,10,4.29,66.26,4.44,0.042,-1.36,98.24,53.44,1
77.7,10.04,4,0.73,73.78,5.46,0.399,-0.43,79.95,46.0,0
95.88,7.09,7,2.36,82.02,2.41,0.7,0.79,76.72,46.87,0
88.77,7.01,9,2.8,66.95,4.55,0.505,0.06,56.06,53.98,0
51.44,10.2,6,0.33,69.06,5.44,0.139,-0.11,46.71,77.26,1
60.16,9.01,8,1.02,79.65,6.4,0.555,-0.73,100.0,45.96,0
89.11,8.95,10,1.32,70.85,5.31,0.08,-0.55,59.16,37.18,0
60.26,9.41,9,0.88,74.58,5.66,0.375,1.59,57.87,56.31,1
71.63,3.39,5,0.78,70.94,4.93,0.277,0.78,65.78,60.82,1
83.25,10.27,4,2.32,72.43,2.97,0.13,-0.46,63.83,59.82,1
60.47,9.84,6,0.49,57.05,3.41,0.235,-0.11,91.86,55.11,1
76.58,4.95,6,2.47,71.47,2.35,0.049,0.25,70.79,61.33,0
54.99,7.27,8,5.47,87.13,8.0,0.215,0.44,33.8,68.23,1
65.98,7.88,9,1.67,72.03,2.06,0.244,-0.02,46.81,51.92,0
79.8,7.6,10,1.89,59.99,6.9,0.215,-1.77,60.21,80.03,0
51.11,9.0,3,0.14,87.72,2.08,0.028,-0.03,80.51,62.25,1
81.61,12.29,8,4.0,78.66,6.53,0.109,-0.09,29.59,79.69,0
74.71,11.25,2,0.67,79.21,6.94,0.253,2.06,69.88,68.95,1
83.29,4.06,4,1.91,78.89,7.3,0.788,2.69,74.63,46.1,0
78.36,9.87,3,7.74,56.48,2.92,0.168,0.64,77.65,35.68,1
95.46,11.99,3,1.81,77.77,5.33,0.539,-0.68,58.4,80.97,0
76.88,9.16,8,2.58,86.62,3.8,0.556,0.68,80.98,51.31,0
68.56,11.27,6,1.18,64.24,3.23,0.291,-1.7,43.7,63.54,1
76.83,14.04,6,0.12,46.86,5.09,0.064,-0.53,78.91,55.96,1
83.15,11.07,7,3.2,74.39,6.63,0.412,-1.63,58.77,85.14,0
75.73,8.75,7,0.07,70.39,3.81,0.146,0.55,60.86,63.88,0
75.61,11.14,4,2.41,51.43,5.66,0.199,-1.21,60.64,44.3,1
64.47,8.43,3,0.05,77.26,3.18,0.63,-0.29,73.0,61.04,1
65.06,8.07,9,3.97,76.36,2.91,0.165,-0.04,37.9,81.87,1
53.96,6.95,2,0.34,52.41,4.35,0.434,-0.03,77.71,51.95,1
100.0,12.69,5,1.44,92.67,4.47,0.213,-0.47,77.42,41.57,0
56.34,5.54,5,1.82,79.01,6.34,0.308,0.34,53.97,75.95,1
64.61,12.6,7,1.22,47.32,2.5,0.368,-1.25,60.05,50.32,1
64.22,9.5,4,0.83,79.83,9.32,0.037,1.74,42.81,39.5,1
88.42,3.8,8,1.26,79.48,1.42,0.519,-1.03,36.79,50.82,0
70.58,9.1,7,0.75,86.98,5.46,0.192,0.04,63.95,68.33,0
93.72,1.7,5,1.15,62.51,4.43,0.091,0.62,64.08,70.8,0
64.9,9.88,8,0.89,80.0,3.7,0.224,0.68,53.26,70.16,0
79.18,10.66,8,1.67,67.16,4.65,0.37,0.78,35.0,48.82,0
62.47,6.22,1,0.54,63.32,6.34,0.316,-1.59,69.14,77.7,1
100.0,8.37,8,8.96,59.62,6.66,0.232,-0.92,52.77,75.25,0
57.19,13.86,9,1.39,47.16,4.56,0.324,0.14,45.01,71.49,1
79.65,6.48,7,0.43,76.49,5.66,0.219,0.48,85.52,48.43,0
84.51,4.82,1,1.3,66.72,2.34,0.318,1.26,40.5,55.23,1
81.21,12.44,8,4.03,37.24,4.63,0.075,-0.51,71.24,69.22,1
72.22,13.89,8,0.04,70.9,5.79,0.275,-0.9,30.01,73.19,0
73.05,8.01,7,2.28,83.89,0.43,0.68,-0.55,31.28,49.32,0
75.66,11.03,4,1.59,54.32,5.16,0.152,2.26,69.65,90.76,1
72.79,12.02,8,0.37,61.45,4.66,0.506,1.5,53.28,62.46,1
89.46,5.77,5,3.4,75.29,7.54,0.523,-0.17,36.62,78.76,0
100.0,6.54,5,0.92,39.29,5.33,0.376,1.28,79.0,45.9,1
66.64,11.69,5,0.7,63.6,5.96,0.476,-0.57,67.43,67.63,1
54.45,13.06,8,3.52,74.16,4.46,0.496,0.95,17.44,45.56,1
73.68,9.69,10,2.04,63.27,6.26,0.713,-1.38,79.19,66.82,1
100.0,5.36,7,4.57,54.42,6.12,0.288,0.36,38.72,71.49,0
62.94,13.96,6,1.99,55.0,2.39,0.052,1.02,25.84,72.32,1
99.59,6.41,3,2.7,50.65,5.62,0.16,-0.33,43.59,53.48,0
100.0,6.99,9,3.62,62.4,7.36,0.101,0.61,59.16,37.26,0
66.7,9.03,6,0.11,82.68,6.97,0.217,-0.56,61.55,69.39,0
83.53,12.66,5,2.99,98.34,5.05,0.224,0.3,27.3,58.57,0
99.43,10.56,5,1.9,70.43,5.64,0.483,-0.48,31.74,58.56,0
69.31,9.24,6,0.14,79.22,6.83,0.373,0.82,44.78,50.72,0
71.95,9.39,5,1.42,58.71,2.72,0.117,-1.26,46.06,63.74,1
66.27,8.13,6,0.17,44.9,5.95,0.157,-1.02,75.24,64.48,1
59.78,9.67,6,2.66,92.22,1.06,0.066,1.31,51.73,80.38,0
65.26,1.0,5,1.58,62.86,6.72,0.237,-2.46,74.85,34.3,1
56.64,7.11,4,6.14,78.62,4.23,0.249,-0.64,81.92,44.71,1
75.51,8.72,4,0.4,71.9,4.83,0.183,-0.14,71.11,71.45,0
63.45,4.55,5,1.86,81.94,3.89,0.442,0.35,10.0,31.53,1
78.51,9.16,7,0.48,81.45,4.92,0.247,-0.48,53.92,53.71,0
51.66,7.39,9,1.9,73.33,5.51,0.057,-1.13,56.67,100.0,1
79.96,13.27,7,2.56,74.65,6.51,0.222,1.23,58.91,60.38,0
87.5,12.72,4,2.56,84.55,7.6,0.611,1.05,18.36,75.04,0
45.09,6.6,1,3.38,65.08,5.1,0.49,-0.38,44.72,39.32,1
80.61,7.55,4,3.84,88.67,1.68,0.201,-1.79,32.76,75.05,0
93.42,7.78,6,0.16,61.51,7.61,0.079,0.31,41.47,58.89,0
56.86,6.65,4,0.84,70.92,2.06,0.269,0.18,54.83,68.89,1
100.0,8.59,6,2.32,77.55,4.16,0.416,-0.67,45.17,72.9,0
81.29,5.73,10,1.38,50.45,4.02,0.448,-1.96,42.94,56.83,1
64.42,4.61,6,0.42,86.58,5.02,0.329,-0.27,56.04,71.85,0
74.16,9.87,5,1.61,75.71,2.47,0.22,0.77,50.16,47.74,1
83.37,9.89,3,1.05,100.0,2.38,0.217,0.92,63.99,65.36,0
76.14,5.59,10,0.99,94.97,4.96,0.374,-0.04,51.6,72.35,0
83.08,10.69,3,3.32,69.87,3.4,0.238,-0.62,28.65,56.46,1
61.19,6.11,7,1.05,91.43,7.69,0.193,0.73,39.38,50.11,0
77.54,8.76,7,0.05,80.17,3.9,0.204,-1.14,53.44,57.71,0
53.79,10.46,5,0.12,72.77,2.94,0.246,-1.35,51.04,80.9,1
73.33,7.9,7,3.88,50.09,8.34,0.128,-0.09,31.73,78.6,1
61.44,9.36,5,6.47,52.92,5.94,0.564,1.55,73.53,75.96,1
63.97,6.45,6,2.33,70.05,10.43,0.577,1.58,66.24,87.62,1
93.54,7.41,8,0.91,64.06,1.16,0.192,-1.32,47.98,65.09,0
91.37,7.38,6,5.58,72.7,5.42,0.034,-0.44,56.73,67.64,0
84.14,5.76,2,2.17,86.47,5.97,0.065,2.43,38.56,35.11,0
58.62,7.47,10,3.72,80.38,5.06,0.584,-0.69,77.06,51.35,0
70.25,3.35,2,2.9,61.64,4.28,0.127,1.62,100.0,72.67,1
93.2,6.53,4,0.95,81.1,7.49,0.256,0.98,47.11,78.02,0
77.13,7.15,9,1.3,59.03,5.93,0.155,1.19,84.48,45.61,0
100.0,7.23,9,0.41,56.29,1.62,0.649,-0.45,42.78,63.6,0
80.9,7.28,7,0.69,74.58,3.26,0.184,-0.42,49.36,97.39,0
77.88,7.81,6,3.01,60.23,2.67,0.217,-0.91,88.67,63.68,1
70.36,9.44,4,4.49,62.3,4.76,0.363,0.8,57.6,86.67,1
77.0,10.62,4,2.58,81.93,6.9,0.178,-1.64,73.74,70.21,0
72.71,6.05,10,1.25,77.89,4.24,0.134,-0.16,54.61,73.42,0
85.62,4.39,8,0.18,65.54,4.49,0.219,1.63,23.95,51.36,0
89.35,4.87,5,0.12,50.5,3.04,0.688,0.59,100.0,40.87,0
63.21,6.54,2,0.94,61.18,6.52,0.219,1.0,55.66,75.84,1
55.03,6.94,4,1.25,93.3,7.47,0.283,-1.64,63.12,69.61,0
47.46,5.69,5,1.88,81.6,4.94,0.304,-0.99,45.35,65.91,1
82.62,4.11,9,0.01,87.08,8.16,0.185,1.18,75.6,45.09,0
58.45,6.63,9,9.16,73.07,3.91,0.071,0.13,74.13,59.65,1
42.71,8.54,5,0.9,65.79,2.21,0.313,-1.04,28.85,55.75,1
80.83,9.79,8,3.77,80.86,6.61,0.077,0.63,63.42,57.22,0
100.0,6.33,5,1.53,85.38,4.81,0.29,-0.53,77.54,68.43,0
74.91,6.76,8,0.28,64.24,3.84,0.541,2.54,84.01,75.59,0
87.58,5.22,1,3.19,61.44,5.15,0.451,0.6,72.93,69.29,1
76.23,7.91,5,2.47,51.74,1.83,0.429,-0.92,74.69,67.92,1
73.52,5.45,6,1.5,61.14,1.5,0.151,0.88,49.2,66.7,1
88.79,9.72,4,1.45,78.03,5.19,0.097,1.61,35.42,62.38,0
70.65,2.64,6,0.18,62.84,5.87,0.045,-0.01,53.78,52.54,0
79.01,6.92,8,2.13,81.18,7.79,0.165,-0.77,34.96,65.7,0
79.83,8.9,6,4.84,93.61,6.77,0.471,0.04,45.22,76.21,0
64.98,8.55,8,0.2,70.3,6.27,0.349,-0.61,44.92,63.27,0
89.88,16.08,8,0.61,69.8,7.54,0.534,-0.26,41.19,51.19,0
72.38,9.05,10,4.65,76.58,5.98,0.141,-1.39,70.65,47.07,0
63.66,4.99,6,0.67,63.11,4.31,0.104,0.88,39.75,50.69,1
83.05,7.71,7,2.12,62.23,6.82,0.032,-1.15,96.71,47.84,0
61.52,2.67,6,1.53,62.59,6.75,0.206,0.61,79.78,100.0,1
75.42,7.76,10,1.81,56.25,4.98,0.08,-0.3,83.79,51.83,0
74.86,5.5,8,1.07,80.8,2.6,0.39,0.22,46.22,64.42,0
91.29,10.75,9,0.71,64.04,1.43,0.127,-0.47,64.01,63.7,0
82.12,6.35,4,0.1,83.34,6.68,0.299,0.2,39.14,86.2,0
74.62,7.65,6,2.73,76.35,5.96,0.231,0.43,64.35,71.44,0
87.27,6.09,10,2.74,69.73,6.24,0.057,-0.35,24.65,71.37,0
95.85,13.22,3,2.22,79.72,6.76,0.14,-1.73,81.25,67.62,0
83.37,7.04,8,2.06,58.68,3.2,0.403,0.34,47.1,69.13,0
75.16,13.5,3,0.56,60.64,1.25,0.189,0.39,66.06,69.83,1
55.32,10.44,4,0.05,78.56,6.03,0.053,-1.43,69.77,55.59,1
59.02,9.45,4,3.31,43.65,7.4,0.087,-0.98,48.92,51.24,1
70.42,9.11,4,1.35,70.18,5.7,0.263,-0.35,44.03,65.88,1
65.86,9.18,6,0.73,77.09,2.03,0.244,-2.29,57.6,56.95,1
72.2,2.22,4,0.22,85.73,5.48,0.197,0.71,76.06,67.77,0
75.85,7.16,8,0.13,88.19,2.75,0.286,-0.49,57.06,48.81,0
82.95,10.54,10,0.86,68.44,1.92,0.117,0.29,72.06,42.89,0
73.94,7.85,2,3.27,79.24,4.98,0.337,-1.06,75.88,45.81,1
82.3,3.78,4,5.02,60.35,5.32,0.427,2.02,56.15,63.89,1
75.97,7.84,6,4.54,64.68,4.8,0.467,-1.42,57.75,40.77,0
45.37,13.11,10,5.05,86.41,5.88,0.133,-0.5,62.78,94.24,1
60.91,11.74,3,4.77,69.52,3.42,0.325,1.2,82.85,94.28,1
72.84,7.81,7,1.5,71.92,5.17,0.126,-1.15,53.13,78.28,0
56.85,10.85,10,0.5,57.6,4.03,0.502,0.09,82.76,59.46,1
84.0,6.9,7,3.2,75.07,4.5,0.39,0.63,65.1,57.75,0
97.96,2.89,6,0.48,79.05,5.54,0.058,-1.51,45.27,69.45,0
93.28,5.23,4,0.62,78.68,7.12,0.242,-0.67,59.16,73.95,0
71.8,12.69,4,0.53,55.46,5.58,0.376,0.19,37.59,69.44,1
97.36,7.18,8,1.45,82.0,6.25,0.362,0.45,33.08,45.34,0
77.23,7.27,5,0.78,58.02,5.02,0.138,-0.82,72.14,62.15,1
69.94,7.1,4,0.33,69.68,5.98,0.099,1.84,75.96,73.0,0
65.8,13.71,2,1.21,50.58,7.07,0.247,0.48,59.34,29.58,1
70.46,12.88,5,4.14,67.85,8.76,0.303,0.78,60.95,48.42,1
69.18,14.66,5,1.69,57.96,7.42,0.101,0.72,48.46,72.89,1
77.56,7.52,5,4.21,64.61,4.89,0.095,-1.56,63.4,60.32,1
77.41,8.89,7,0.44,70.72,7.29,0.414,-0.11,99.63,60.33,0
75.05,3.45,0,0.37,79.93,6.1,0.127,-0.02,80.19,81.63,0
81.55,12.43,3,1.71,79.51,3.79,0.707,-0.25,58.48,64.19,0
92.86,4.5,6,1.24,41.95,6.13,0.4,0.21,56.74,57.9,0
89.24,8.65,3,2.16,78.14,2.74,0.135,-2.11,52.47,60.37,0
52.73,4.71,9,3.17,72.48,6.13,0.255,0.13,31.78,60.87,1
40.0,6.23,3,2.78,63.28,8.5,0.196,-0.3,50.34,52.48,1
89.01,5.49,4,5.7,59.44,6.65,0.208,-2.12,73.48,61.66,1
54.5,6.18,10,1.02,69.25,7.39,0.169,0.42,41.36,47.9,1
71.63,6.38,1,0.46,72.77,4.24,0.688,-1.18,54.4,60.0,1
57.45,6.36,10,1.6,74.53,5.96,0.285,-0.38,37.64,57.26,1
47.97,10.5,4,0.23,67.63,6.4,0.078,-0.25,75.71,68.47,1
83.12,4.69,10,0.68,39.71,4.39,0.05,-1.85,34.54,87.72,0
86.39,8.66,2,0.47,64.06,6.37,0.4,-1.73,71.85,68.89,1
66.35,11.65,5,1.01,55.8,5.91,0.693,0.55,80.57,66.55,1
40.0,6.46,5,0.24,94.66,6.39,0.529,-0.6,53.53,68.51,1
66.81,5.85,8,0.06,70.71,2.94,0.341,-0.39,46.26,52.06,0
80.88,7.31,4,2.14,78.89,7.55,0.131,0.07,69.5,75.53,0
52.82,11.54,2,1.88,77.62,5.9,0.18,-1.76,92.05,71.1,1
77.75,8.58,6,2.46,73.72,4.76,0.151,-0.41,86.83,64.33,0
74.77,6.41,7,2.16,65.01,4.81,0.285,-0.11,58.52,70.32,0
83.69,9.45,6,0.24,63.47,4.92,0.344,1.76,42.34,69.91,0
76.79,4.69,7,0.69,45.75,3.34,0.579,-0.92,55.36,69.94,1
60.4,10.04,3,0.28,71.71,7.38,0.056,0.79,26.2,79.91,1
92.95,9.23,5,3.7,73.6,6.93,0.196,-0.0,48.89,53.63,0
72.62,7.08,10,2.75,69.43,7.06,0.135,-1.14,69.01,84.67,0
74.59,5.48,5,0.45,71.72,8.03,0.247,-0.63,52.65,40.96,1
61.0,5.34,8,0.84,55.52,5.38,0.31,0.87,47.99,74.93,1
68.35,9.6,6,6.8,66.47,1.69,0.505,0.78,58.89,67.52,1
61.73,11.69,8,1.8,62.2,6.26,0.32,-0.52,54.61,50.56,1
72.41,6.09,6,3.23,77.98,6.18,0.321,0.34,75.11,80.44,0
100.0,9.38,5,0.61,70.49,8.11,0.581,-1.04,33.46,37.8,0
54.42,1.74,5,0.47,62.32,7.16,0.362,-0.18,70.53,89.38,1
50.8,6.25,5,3.06,68.08,5.27,0.225,-0.43,59.08,98.85,1
97.07,7.91,5,2.32,57.53,4.71,0.175,0.93,68.69,62.55,0
71.86,5.27,8,2.28,66.06,7.01,0.112,0.46,32.22,49.58,0
64.96,5.19,7,1.61,76.99,0.0,0.402,-0.68,77.66,56.33,1
90.6,6.0,4,1.66,54.01,5.48,0.256,-0.58,70.86,79.63,0
65.92,8.88,3,2.66,69.27,6.89,0.209,-0.03,93.46,60.16,1
100.0,7.44,3,0.63,61.0,4.76,0.33,-0.16,43.35,20.97,0
85.17,1.29,7,0.87,54.02,4.24,0.429,-0.28,48.3,70.75,0
67.68,1.64,2,4.11,92.38,5.59,0.34,-0.35,24.32,78.41,0
100.0,6.18,9,0.74,85.05,7.7,0.328,1.38,43.53,72.71,0
65.91,9.37,6,1.58,62.82,5.9,0.183,-0.45,88.69,75.1,1
86.13,1.0,9,2.43,66.52,3.65,0.537,0.3,65.9,89.07,0
79.49,6.5,10,10.0,45.73,7.43,0.171,2.42,45.47,61.83,1
94.53,6.42,4,1.14,50.89,7.82,0.278,-0.85,62.66,90.77,0
98.42,12.17,5,1.12,56.46,3.39,0.312,0.19,58.77,62.68,0
75.48,6.84,7,3.7,69.6,10.6,0.503,0.24,21.82,81.9,1
63.7,9.15,4,3.27,68.62,5.0,0.221,-0.01,25.44,62.86,1
81.9,8.42,5,2.63,73.98,6.9,0.434,0.04,82.14,95.57,0
64.83,1.61,7,1.24,78.14,6.45,0.093,-0.88,74.73,74.72,1
100.0,10.3,7,0.78,73.34,3.6,0.043,0.36,30.31,63.56,0
77.05,8.65,5,1.88,57.02,4.1,0.397,-1.84,57.46,47.01,1
69.52,9.52,10,4.18,73.89,5.14,0.277,1.8,45.69,68.09,0
77.77,18.0,6,4.3,77.62,1.26,0.089,1.71,81.78,52.71,0
54.79,1.75,7,0.23,64.87,6.64,0.229,-0.33,68.95,71.61,1
60.43,13.17,6,1.12,47.84,1.21,0.354,1.05,37.91,74.88,1
93.01,7.14,7,1.25,84.21,5.03,0.072,-0.29,62.4,80.61,0
65.15,8.86,8,7.6,71.06,3.66,0.29,0.01,59.18,73.07,1
59.3,7.86,5,2.27,36.73,6.16,0.495,-0.68,59.23,66.2,1
83.05,6.73,5,1.05,94.84,0.59,0.544,0.82,49.8,84.87,0
92.79,6.29,5,0.05,64.25,1.68,0.392,-0.58,60.5,86.61,0
85.78,8.99,9,1.67,99.27,3.81,0.31,0.79,42.98,49.21,0
89.94,3.45,3,0.2,74.53,6.04,0.577,-0.04,36.24,91.43,0
63.65,10.25,2,3.6,67.57,5.44,0.549,-0.02,35.07,83.44,1
53.67,6.75,7,2.79,72.2,7.1,0.041,-1.49,39.02,52.2,1
97.52,4.61,3,1.23,61.49,5.22,0.246,0.06,68.45,36.81,0
70.16,6.65,3,1.12,70.74,4.96,0.086,-1.15,68.99,83.07,1
71.24,11.77,5,4.55,94.13,2.86,0.086,0.06,89.21,68.09,0
94.92,6.39,5,0.68,59.22,4.55,0.349,1.94,55.43,58.17,0
83.34,9.08,2,0.57,76.4,4.96,0.442,-1.39,74.03,69.71,0
81.84,5.81,7,5.6,61.36,0.89,0.315,-0.15,60.94,82.79,1
100.0,10.27,5,3.31,67.98,3.22,0.159,-0.64,65.99,34.53,0
65.35,10.06,10,3.44,93.72,5.93,0.406,-1.04,76.17,66.89,0
88.92,13.55,5,0.43,76.32,5.36,0.158,-0.79,71.64,65.86,0
75.86,7.47,6,0.31,78.95,4.49,0.2,1.47,62.17,87.45,0
79.03,10.01,10,0.05,70.85,3.79,0.144,1.74,47.73,77.43,0
97.93,8.29,1,0.54,100.0,1.51,0.628,-1.05,65.52,77.29,0
82.62,11.89,10,2.98,58.6,0.65,0.324,0.4,87.29,58.34,0
83.07,5.84,6,0.55,51.05,4.39,0.198,-0.92,63.51,75.04,1
91.09,10.24,5,2.61,90.23,7.98,0.025,-0.68,52.09,57.72,0
69.53,7.42,7,0.58,65.42,5.07,0.078,-2.05,76.43,63.37,1
62.41,7.81,7,1.01,74.92,7.04,0.271,2.13,32.3,73.61,0
59.33,8.28,5,8.17,90.6,2.65,0.327,1.1,52.8,66.28,1
45.5,8.76,8,0.56,75.08,5.57,0.297,-0.65,40.38,69.74,1
100.0,7.65,6,0.94,96.77,3.59,0.329,0.28,57.57,84.7,0
58.45,8.64,5,0.72,71.63,3.52,0.477,-0.4,84.93,59.53,1
71.68,12.73,7,0.23,61.5,6.49,0.643,0.95,72.82,49.44,1
70.85,10.96,3,1.35,41.76,4.76,0.088,-0.34,22.64,51.4,1
79.61,10.61,6,0.95,73.61,2.23,0.025,-0.19,47.63,48.13,0
87.24,6.63,5,2.37,43.16,5.2,0.078,-0.66,30.02,89.11,1
87.91,5.33,10,3.4,73.9,3.57,0.56,0.6,81.17,74.81,0
66.25,10.87,5,1.57,87.51,2.11,0.169,2.21,48.35,81.06,0
72.49,10.63,10,0.07,69.8,3.01,0.035,-0.28,61.52,78.37,0
79.24,12.42,6,1.93,72.28,9.09,0.118,-0.3,62.48,62.02,0
71.27,6.19,2,0.11,80.99,7.42,0.094,-0.03,64.12,89.45,0
99.11,7.31,4,1.92,78.03,0.97,0.275,0.26,10.0,54.64,0
82.36,3.08,4,2.31,83.93,4.62,0.199,-0.3,67.22,95.19,0
86.02,6.82,5,0.44,69.77,4.77,0.398,-0.39,49.03,66.86,0
84.94,10.99,3,3.42,42.99,4.47,0.287,0.08,76.92,91.83,1
92.6,6.6,10,4.84,84.11,3.67,0.155,-1.75,64.06,49.26,0
77.72,9.92,5,3.35,67.13,6.49,0.064,-0.55,72.63,58.53,0
55.55,7.43,4,0.73,59.46,6.89,0.734,-2.0,45.44,40.96,1
81.0,8.97,6,1.77,74.03,7.1,0.259,-0.49,37.42,80.63,0
65.23,4.56,8,4.93,72.24,5.66,0.07,-0.95,77.81,68.8,1
67.07,8.26,6,0.77,61.01,6.22,0.147,0.63,71.27,95.25,1
83.8,1.0,7,3.43,54.57,4.31,0.334,-0.74,64.44,57.74,0
93.57,7.44,3,0.02,75.62,1.85,0.467,-0.37,64.42,85.06,0
75.32,3.11,10,0.01,59.8,1.79,0.212,-2.15,68.41,66.2,0
79.63,11.62,7,2.85,71.37,3.3,0.179,1.02,34.15,63.59,0
100.0,10.33,10,2.87,74.48,4.6,0.255,-1.09,81.51,60.66,0
78.61,9.4,3,3.11,81.62,2.43,0.52,-0.48,56.92,52.32,0
100.0,12.56,3,5.32,95.43,2.74,0.073,0.78,57.49,70.61,0
83.48,5.15,5,0.25,72.85,4.24,0.178,0.78,51.64,68.17,0
48.59,13.24,8,0.53,64.9,6.73,0.585,-1.11,10.61,41.41,1
86.3,10.8,4,4.68,89.9,5.67,0.284,0.53,71.5,27.33,0
80.72,7.29,10,0.39,82.58,3.27,0.058,-1.15,40.03,60.31,0
94.35,11.41,4,2.29,72.02,5.09,0.496,0.23,62.16,82.43,0
85.1,4.68,10,1.51,72.84,2.34,0.312,-0.78,43.6,68.33,0
72.92,5.53,2,0.17,70.32,3.27,0.349,-1.02,53.13,45.46,1
56.64,6.17,4,0.67,71.95,1.69,0.344,0.04,52.02,38.39,1
71.86,6.41,3,1.47,68.78,5.86,0.419,-0.72,43.13,82.32,1
62.24,4.83,2,3.83,58.3,4.43,0.357,2.02,55.48,40.2,1
66.29,11.67,8,2.46,70.11,4.68,0.375,-0.62,50.38,76.39,1
83.83,7.22,3,1.95,91.09,6.61,0.331,-1.19,39.19,73.54,0
100.0,9.06,10,1.37,60.21,3.01,0.092,-0.9,83.46,89.52,0
80.92,6.29,4,0.71,66.74,5.93,0.515,-0.02,43.97,55.56,1
57.06,2.54,6,0.25,59.3,8.97,0.15,0.11,71.24,79.09,1
81.67,8.81,3,1.05,83.89,3.04,0.094,0.31,73.36,86.0,0
92.95,2.26,7,0.06,79.96,1.87,0.206,0.91,78.48,44.94,0
65.85,7.79,3,0.47,54.66,2.48,0.023,-1.67,49.09,67.0,1
72.99,3.9,3,1.13,45.78,5.78,0.311,0.96,56.03,64.39,1
75.22,13.96,5,1.08,80.39,8.49,0.313,-0.91,56.64,49.04,0
63.23,10.73,10,0.09,53.93,8.41,0.497,0.4,70.54,68.96,1
84.72,8.32,6,1.78,79.94,6.69,0.219,1.72,55.15,47.47,0
73.19,11.79,5,1.6,62.34,6.76,0.285,-0.8,69.17,70.73,1
81.29,5.46,7,0.16,78.34,5.93,0.246,-0.84,54.88,97.61,0
61.69,9.63,10,5.74,75.33,6.45,0.132,-1.02,82.34,61.94,1
68.44,8.6,6,0.21,63.56,5.61,0.251,-0.34,59.77,63.58,1
85.84,8.79,6,3.86,59.45,3.4,0.388,1.27,57.36,86.25,1
69.41,11.82,2,0.0,76.91,8.43,0.134,-1.11,66.79,83.89,1
100.0,10.2,7,4.28,61.69,7.67,0.07,-0.49,92.71,55.74,0
69.01,8.87,3,0.04,83.31,3.45,0.137,0.98,47.9,75.32,0
78.37,3.04,5,2.84,60.01,6.3,0.113,0.62,80.79,20.71,1
88.99,5.12,9,0.9,74.2,7.92,0.143,-0.5,43.65,49.94,0
53.72,7.63,5,2.68,65.32,5.84,0.149,-0.21,60.88,81.05,1
48.59,8.28,6,1.03,70.07,4.59,0.295,0.92,44.1,57.35,1
52.12,4.61,3,0.15,61.59,7.86,0.123,1.58,52.57,62.0,1
93.94,15.24,6,2.92,67.86,5.51,0.24,1.7,46.43,51.14,0
66.72,12.55,7,0.15,39.26,3.74,0.368,1.38,73.96,48.73,1
100.0,9.81,5,5.11,60.24,2.7,0.023,-0.67,50.06,27.56,0
66.54,8.22,5,0.1,62.95,0.0,0.18,1.82,70.6,59.55,1
77.77,7.36,4,1.31,69.14,8.95,0.566,-0.74,49.46,71.98,1
98.13,5.14,10,2.57,85.52,3.33,0.15,-1.65,59.89,68.7,0
100.0,8.23,5,1.0,61.63,6.93,0.271,0.11,89.15,52.52,0
100.0,8.77,3,0.49,86.97,3.16,0.025,1.48,45.09,43.57,0
93.13,4.27,7,2.85,59.66,5.33,0.777,0.66,45.47,59.39,0
90.36,9.0,0,3.07,56.7,5.9,0.233,-0.07,55.08,45.07,1
83.89,7.53,3,5.12,47.39,2.52,0.288,0.29,59.65,53.49,1
