attendance_rate,avg_lab_hours_per_week,assignments_completed,avg_submission_delay_days,internal_marks,risk_label
68.73,3.59,6,1.5,45.61,1
97.54,8.59,2,0.09,91.12,1
86.6,13.22,6,0.1,85.26,0
79.93,11.25,7,5.81,82.37,0
57.8,12.29,9,5.12,69.29,1
57.8,10.22,5,2.49,47.24,1
52.9,10.69,9,4.89,59.65,1
93.31,12.89,8,2.77,85.55,0
80.06,4.5,5,6.67,32.22,1
85.4,7.85,8,6.77,84.74,0
51.03,4.1,3,2.75,46.8,1
98.5,14.83,7,5.98,40.1,1
91.62,14.22,3,5.41,38.1,1
60.62,1.55,1,2.17,31.91,1
59.09,10.88,9,1.62,66.65,1
59.17,13.95,8,3.21,45.28,1
65.21,3.53,4,5.47,99.26,0
76.24,8.95,3,6.72,70.21,1
71.6,13.82,1,5.35,39.65,1
64.56,1.48,0,5.99,78.21,1
80.59,10.76,6,4.22,92.84,0
56.97,5.16,5,5.85,82.16,1
64.61,13.94,1,5.49,35.35,1
68.32,14.59,7,2.64,92.71,0
72.8,14.22,3,3.86,85.58,1
89.26,7.64,7,5.63,41.08,1
59.98,13.07,6,0.32,33.63,1
75.71,12.82,4,5.66,69.01,0
79.62,5.47,9,1.25,40.92,1
52.32,12.6,9,3.6,88.42,1
80.38,1.52,7,5.66,55.08,0
58.53,9.35,8,1.78,93.9,1
53.25,4.22,4,1.72,69.6,1
97.44,2.69,9,2.82,42.79,1
98.28,2.08,4,6.26,39.77,1
90.42,10.75,1,0.0,70.35,1
65.23,5.76,4,6.31,83.33,0
54.88,11.15,2,1.08,84.71,1
84.21,1.91,6,6.93,49.3,1
72.01,5.41,9,6.68,44.3,1
56.1,8.55,4,3.46,31.17,1
74.76,12.07,7,3.59,77.54,0
51.72,5.46,0,3.37,35.36,1
95.47,9.76,2,4.45,59.45,1
62.94,13.4,2,0.64,72.12,1
83.13,9.62,8,0.23,95.6,0
65.59,4.26,4,0.4,51.83,0
76.0,1.34,8,3.11,47.48,1
77.34,13.18,8,1.93,75.79,0
59.24,1.3,0,4.35,73.35,1
98.48,13.25,1,6.95,53.25,1
88.76,8.41,4,2.7,94.97,0
96.97,14.15,3,4.02,89.14,1
94.74,12.18,9,2.91,45.68,1
79.89,14.97,8,5.93,46.74,1
96.09,5.91,6,6.32,65.86,0
54.42,11.74,5,6.14,84.15,1
59.8,6.63,6,6.82,33.08,1
52.26,7.72,0,0.19,78.53,1
66.27,9.79,0,5.88,75.38,1
69.43,13.23,7,5.26,46.2,1
63.57,14.78,1,1.6,77.69,1
91.44,11.76,9,6.69,95.81,0
67.84,6.85,8,1.04,33.28,1
64.05,6.9,6,4.76,52.38,1
77.13,11.33,5,1.57,60.67,0
57.05,4.34,0,3.02,92.95,1
90.11,2.55,0,5.03,97.36,1
53.73,5.96,1,3.94,61.09,1
99.34,5.02,5,2.99,82.5,0
88.61,5.15,5,2.28,67.22,0
59.94,4.27,1,5.88,67.64,1
50.28,1.59,0,1.01,49.47,1
90.77,1.25,9,3.01,45.19,1
85.34,14.83,4,6.33,50.16,0
86.45,6.99,4,5.92,68.94,0
88.56,6.38,1,2.81,32.04,1
53.7,10.52,5,5.34,93.51,1
67.92,4.06,8,5.76,40.94,1
55.79,14.3,1,6.22,45.41,1
93.16,12.01,9,3.81,66.28,0
81.16,2.25,1,1.43,79.71,1
66.54,6.85,2,1.79,36.7,1
53.18,13.31,6,2.07,52.24,1
65.55,14.23,5,4.16,97.81,0
66.26,7.54,7,0.23,48.36,1
86.48,9.59,7,4.45,51.91,0
81.88,3.34,5,2.55,88.55,0
94.36,14.88,9,2.07,33.52,1
73.61,4.24,2,6.16,62.52,1
55.98,14.2,2,3.22,56.57,1
85.66,10.1,0,0.67,52.16,1
88.04,9.51,6,5.79,50.0,0
78.06,8.18,4,0.33,36.4,1
88.55,4.23,3,5.09,52.04,1
74.69,3.47,9,5.42,33.01,1
76.14,4.09,3,2.47,84.67,1
71.38,3.61,3,5.77,57.88,1
51.27,11.91,5,3.61,61.07,1
55.39,5.9,7,3.24,92.55,1
51.57,1.81,7,0.32,76.06,1
81.82,14.57,4,2.03,30.56,1
65.72,13.37,5,6.52,96.02,0
75.43,13.99,3,2.74,46.6,1
95.38,14.93,8,3.83,37.53,1
62.46,3.43,7,3.72,83.77,1
70.52,6.55,9,4.13,65.03,0
87.78,11.62,9,0.43,60.36,0
61.44,10.74,0,2.54,47.47,1
53.85,3.15,1,5.06,68.32,1
64.49,12.42,8,1.4,49.21,1
58.06,4.14,7,1.43,93.11,1
96.48,4.13,2,0.07,45.06,1
90.41,8.52,7,3.06,91.9,0
81.67,9.3,0,6.18,69.16,1
93.57,9.12,9,0.36,87.99,0
90.18,2.28,3,1.34,79.9,1
59.33,13.28,2,2.17,78.77,1
94.63,4.72,5,5.12,52.7,0
76.97,2.81,6,4.48,46.37,1
90.37,13.44,3,2.91,44.76,1
94.8,14.38,6,5.31,90.0,0
65.9,13.07,8,4.27,87.43,0
55.5,12.33,1,6.27,60.84,1
61.4,10.17,2,5.73,39.27,1
71.36,8.71,4,1.77,56.76,0
90.9,2.22,2,1.9,73.35,1
93.04,6.72,7,0.88,61.81,0
50.35,6.22,9,2.36,84.61,1
75.54,4.64,7,7.0,99.83,0
70.87,11.13,7,2.84,43.38,1
61.11,7.94,8,1.54,62.18,1
55.99,2.13,3,5.34,60.17,1
66.88,4.08,4,3.8,51.31,0
97.15,10.57,4,1.05,43.87,1
66.16,2.07,7,2.66,34.6,1
75.94,12.92,6,2.9,92.1,0
85.15,7.93,8,5.28,59.39,0
68.18,7.73,7,0.14,64.78,0
98.59,9.29,1,1.88,94.19,1
98.12,12.55,9,3.62,84.34,0
62.59,5.87,3,1.88,39.14,1
74.86,10.49,5,4.4,69.58,0
65.04,8.92,1,3.37,60.96,1
64.24,4.74,6,2.53,85.8,1
51.84,13.3,2,6.64,80.7,1
80.48,12.16,2,4.43,78.33,1
75.13,10.22,1,0.91,53.84,1
52.57,12.91,7,3.92,86.35,1
63.93,13.14,5,5.47,33.67,1
95.41,10.92,0,4.96,41.17,1
61.98,12.72,0,1.2,53.49,1
57.24,10.76,6,6.81,35.38,1
74.47,10.52,7,3.14,46.45,1
99.28,9.66,4,1.11,88.11,0
62.1,11.54,4,1.26,96.38,1
83.61,3.22,3,0.69,51.32,1
88.08,13.33,5,5.62,48.52,1
61.88,13.21,5,0.85,49.59,1
86.41,1.41,2,0.88,49.44,1
68.39,12.56,8,5.95,32.52,1
81.62,2.8,6,2.41,94.88,0
81.68,5.69,0,0.22,44.96,1
76.79,11.41,6,0.36,59.4,0
54.51,3.25,4,1.0,30.68,1
91.77,12.45,4,1.49,90.06,0
66.04,12.65,1,4.66,81.18,1
59.33,8.1,3,1.1,96.27,1
52.04,1.09,5,0.83,84.71,1
79.54,5.02,9,5.35,51.96,0
83.88,9.64,6,4.7,47.35,1
50.83,14.74,4,3.05,78.84,1
75.6,9.85,8,3.85,55.49,0
61.32,4.64,2,2.18,69.64,1
82.26,9.88,0,3.38,30.44,1
58.72,8.56,3,3.55,34.33,1
84.55,11.92,8,2.71,67.48,0
69.34,2.5,3,6.35,69.63,1
96.84,11.65,1,0.11,82.6,1
56.88,8.58,9,5.48,39.24,1
67.05,14.48,4,0.87,65.92,0
55.67,5.79,2,5.58,43.61,1
96.23,9.86,8,4.31,36.52,1
93.87,14.05,3,5.9,58.73,1
62.9,2.44,5,0.68,41.43,1
83.0,14.12,1,3.91,45.52,1
90.86,10.63,5,3.51,52.23,0
77.76,1.95,2,4.94,48.16,1
76.48,5.21,8,3.74,36.13,1
62.09,10.91,1,3.79,36.29,1
54.66,1.94,8,3.01,43.53,1
94.86,9.15,4,2.16,33.54,1
95.02,5.84,7,3.38,73.85,0
81.66,9.69,1,0.83,50.11,1
66.95,1.64,5,6.73,49.58,1
67.46,13.2,2,5.0,53.24,1
86.3,14.63,9,6.67,76.4,0
94.86,14.56,4,1.59,90.94,0
94.35,11.5,7,6.16,83.14,0
88.99,2.82,9,5.66,80.93,0
82.1,11.62,0,4.74,63.91,1
54.21,1.34,4,4.38,78.57,1
58.08,1.31,2,2.22,68.69,1
94.93,5.53,3,5.71,45.14,1
80.32,7.84,1,3.51,44.6,1
50.46,11.79,8,0.5,50.75,1
55.07,10.57,2,2.19,93.76,1
83.18,7.24,1,6.55,68.32,1
50.25,4.83,9,5.95,81.37,1
58.04,14.96,8,6.87,54.26,1
77.44,6.97,6,4.4,58.54,0
84.59,7.32,5,1.73,38.79,1
82.6,3.29,0,1.14,41.99,1
61.21,12.13,4,1.31,87.91,1
85.61,10.71,2,0.14,70.94,1
61.86,4.09,0,2.73,53.63,1
66.27,2.15,3,1.34,86.2,1
87.32,10.53,1,2.88,47.26,1
82.48,10.16,1,6.54,98.32,1
92.46,4.83,2,3.01,54.14,1
82.88,14.31,7,6.15,53.61,0
78.42,3.11,7,4.24,51.83,0
54.68,7.05,6,1.73,38.55,1
68.39,14.21,5,2.49,37.78,1
63.26,6.88,8,0.59,75.37,1
62.2,9.94,3,2.33,91.26,1
98.65,6.57,0,4.74,85.34,1
69.65,4.84,7,0.5,39.88,1
94.6,14.78,6,1.44,68.19,0
81.56,6.73,6,2.67,37.39,1
89.74,13.52,2,6.87,33.17,1
75.13,4.22,3,5.49,75.95,1
78.85,3.98,9,5.13,67.46,0
74.63,1.44,8,0.81,35.74,1
59.76,10.12,5,5.47,32.45,1
86.12,6.16,4,5.5,99.28,0
64.04,13.1,2,4.21,32.1,1
51.22,7.62,8,6.93,61.12,1
82.27,14.55,4,2.28,65.32,0
58.86,3.6,4,6.59,38.21,1
97.02,13.16,3,6.4,41.83,1
97.7,11.87,3,0.08,54.63,1
95.74,11.79,0,3.15,83.32,1
68.51,12.83,6,6.84,65.5,0
50.77,11.65,8,0.72,74.65,1
96.42,9.77,2,3.83,98.96,1
71.41,2.84,1,6.85,83.76,1
98.33,1.46,2,3.89,60.41,1
98.18,13.89,0,1.33,61.25,1
92.65,9.63,5,4.08,73.31,0
64.72,12.15,6,1.43,76.58,1
69.25,7.74,1,3.64,65.05,1
92.56,2.64,7,0.52,75.14,0
65.85,2.75,5,4.24,31.65,1
58.47,10.6,3,3.62,60.07,1
77.84,7.02,4,5.18,49.53,1
96.81,3.81,7,4.41,39.04,1
84.8,7.88,2,3.85,36.97,1
78.5,1.9,2,4.83,72.22,1
54.86,9.15,3,1.01,66.65,1
80.75,4.77,0,4.17,47.75,1
99.5,12.17,8,1.2,62.97,0
57.0,5.35,7,6.48,64.46,1
75.92,7.37,7,0.48,43.65,1
93.87,1.16,9,3.01,75.65,0
87.04,2.01,5,4.87,84.66,0
84.85,6.49,6,3.21,85.4,0
85.12,7.72,5,0.64,72.17,0
67.97,9.4,8,3.87,65.81,0
64.68,5.08,2,4.49,34.27,1
90.47,10.73,2,4.93,50.15,1
90.51,13.04,2,2.61,36.53,1
93.35,11.92,9,3.95,97.47,0
95.66,1.55,2,3.15,39.46,1
75.57,7.73,8,4.7,40.62,1
75.08,2.47,3,4.08,92.27,1
89.91,4.39,6,3.68,96.07,0
82.5,14.81,8,1.75,83.61,0
85.1,2.99,6,0.01,30.38,1
89.79,7.98,8,1.22,30.09,1
94.5,9.65,2,0.82,56.47,1
66.9,10.83,3,3.14,40.04,1
68.78,8.84,7,4.29,31.29,1
54.7,1.14,5,1.49,62.48,1
78.91,5.57,4,6.57,96.01,0
51.8,8.25,3,0.05,52.67,1
73.28,2.23,7,5.41,76.28,0
77.13,5.91,0,4.38,75.66,1
64.33,1.46,8,2.61,47.58,1
79.54,2.1,0,0.35,75.53,1
51.53,6.56,7,4.39,44.86,1
51.87,2.86,3,2.7,38.54,1
91.13,8.95,8,6.55,79.1,0
68.01,10.65,4,3.79,37.94,1
56.35,12.21,2,6.58,99.78,1
76.11,3.8,8,1.54,42.84,1
88.5,3.34,8,5.08,71.59,0
60.79,2.46,3,4.32,58.8,1
81.14,9.91,3,5.18,38.85,1
54.27,10.89,7,1.5,31.95,1
52.58,1.44,1,4.65,73.59,1
76.57,14.11,8,3.49,86.47,0
77.03,1.73,5,5.2,88.94,0
81.87,8.58,8,2.29,63.79,0
86.3,10.93,7,6.23,84.42,0
98.79,13.19,6,0.59,77.1,0
75.82,11.0,0,5.65,80.7,1
66.15,12.22,2,6.03,64.48,1
89.76,5.75,1,5.72,74.34,1
63.54,12.41,4,3.59,86.39,1
71.95,2.12,4,3.07,57.85,0
53.92,13.53,4,6.97,86.42,1
51.27,8.67,3,1.6,71.44,1
98.13,12.44,4,3.83,41.61,1
91.8,7.33,2,4.69,31.73,1
84.8,10.01,0,4.91,55.39,1
70.45,8.37,4,1.43,68.27,0
58.66,11.24,8,4.58,88.79,1
57.82,2.14,8,5.73,38.92,1
62.51,1.84,3,0.35,86.01,1
77.46,4.46,2,6.38,90.41,1
85.73,3.23,0,0.21,40.55,1
83.01,13.2,1,2.49,89.61,1
64.0,4.07,7,0.11,99.4,1
97.74,14.66,0,0.54,80.88,1
86.89,5.72,7,6.38,84.93,0
77.72,3.55,6,2.48,99.61,0
80.59,12.06,7,2.97,72.38,0
70.98,10.22,5,1.51,51.55,0
62.39,7.97,8,4.18,88.63,1
67.8,8.78,2,4.16,73.01,1
87.89,11.07,9,2.61,70.68,0
50.72,4.2,3,2.33,47.75,1
55.8,14.95,5,6.19,82.94,1
52.3,14.65,7,2.68,35.72,1
52.04,10.1,4,3.45,94.7,1
92.77,3.79,2,1.98,52.81,1
85.18,10.52,5,5.51,38.94,1
73.71,2.01,3,2.78,60.97,1
54.89,1.43,8,3.6,32.97,1
74.58,4.61,2,1.77,77.92,1
73.67,7.48,3,6.91,93.19,1
58.66,13.16,6,2.04,88.61,1
71.69,11.18,6,5.4,38.92,1
69.93,11.4,3,2.99,38.84,1
80.79,6.96,5,1.44,86.94,0
81.75,5.84,2,5.6,94.7,1
52.27,6.19,5,2.34,62.25,1
68.73,14.83,1,6.06,64.93,1
81.29,1.56,7,6.41,52.28,0
75.16,13.14,1,6.02,92.6,1
92.82,9.1,6,0.25,75.14,0
82.93,7.14,8,5.51,50.18,0
58.15,11.15,0,2.88,50.91,1
53.53,7.81,7,6.12,92.38,1
82.12,13.23,6,4.47,30.95,1
51.33,13.61,5,5.84,52.59,1
79.29,6.9,5,3.5,68.8,0
97.01,4.88,5,3.75,40.38,1
78.77,9.29,8,1.01,36.45,1
69.41,13.77,1,5.49,87.07,1
82.16,3.95,0,2.94,92.61,1
72.91,9.72,5,3.5,87.65,0
77.28,9.84,9,5.5,92.92,0
97.07,11.26,7,4.19,68.72,0
69.31,2.84,2,1.41,86.86,1
98.06,11.02,9,4.13,56.88,0
95.27,13.73,0,2.85,76.64,1
59.79,3.52,8,3.29,99.22,1
53.47,4.33,0,0.2,45.8,1
55.04,14.6,2,1.47,57.29,1
50.91,3.53,7,1.97,63.6,1
54.72,12.96,2,4.99,39.66,1
84.15,7.89,3,0.08,35.67,1
53.56,4.46,7,2.86,88.08,1
65.95,13.19,0,6.47,98.38,1
92.24,7.23,5,0.78,58.33,0
51.16,8.21,0,3.61,36.14,1
90.72,6.03,0,5.51,34.61,1
64.09,9.3,7,6.6,92.39,1
55.91,3.29,3,5.23,62.47,1
84.84,6.48,0,5.04,52.4,1
81.45,14.57,9,5.79,63.35,0
93.87,4.61,6,3.12,52.28,0
86.75,10.19,4,5.64,64.23,0
90.17,5.55,4,0.06,90.17,0
64.1,11.83,0,6.47,71.46,1
58.87,2.83,9,3.1,78.63,1
87.53,14.58,5,3.87,55.53,0
90.34,7.35,8,1.78,81.7,0
99.53,4.3,8,5.2,76.66,0
70.63,2.03,7,0.54,38.37,1
68.6,3.38,4,6.11,70.08,0
88.82,8.28,0,5.8,47.97,1
67.04,5.72,8,1.51,86.29,0
96.54,12.6,0,5.67,59.82,1
92.92,7.03,7,5.5,99.63,0
71.45,4.48,4,4.43,36.48,1
87.54,9.64,2,2.61,84.62,1
87.73,10.89,6,1.9,77.16,0
55.16,3.34,6,1.62,83.72,1
95.13,3.35,8,2.23,51.53,0
75.26,1.51,6,6.32,64.44,0
91.32,11.31,2,0.54,85.76,1
66.0,10.29,0,5.8,46.28,1
94.78,7.64,7,2.44,45.82,1
69.46,12.82,2,3.65,68.57,1
50.54,12.28,7,5.56,66.65,1
95.27,9.19,7,6.19,49.76,1
54.56,13.16,4,2.41,50.87,1
65.97,3.88,0,3.23,49.45,1
97.5,2.57,9,2.9,84.01,0
97.53,4.78,6,0.09,75.63,0
78.67,1.8,9,2.07,88.27,0
81.59,8.44,4,3.21,98.28,0
72.42,14.11,7,2.88,63.19,0
64.66,1.55,8,5.05,34.67,1
66.43,2.71,6,2.69,33.37,1
83.63,7.33,6,3.43,50.7,0
87.62,14.07,0,3.01,95.28,1
89.58,5.43,3,5.18,66.62,1
89.48,8.1,1,6.04,49.03,1
54.56,1.58,1,3.72,57.94,1
74.72,3.08,1,5.53,71.9,1
52.88,14.81,3,2.08,75.71,1
77.48,14.51,0,3.79,40.77,1
72.08,1.07,3,2.42,98.39,1
94.39,14.33,1,2.9,68.13,1
67.55,9.95,4,5.13,39.5,1
55.85,13.15,2,6.17,92.55,1
57.15,7.37,7,0.85,35.22,1
88.08,8.22,3,4.44,93.54,1
80.91,7.84,0,4.08,99.76,1
55.06,10.34,0,0.83,79.03,1
54.21,2.96,9,1.48,83.93,1
85.05,1.42,2,2.18,53.61,1
53.64,5.31,8,1.17,95.91,1
91.09,10.87,6,1.71,67.08,0
85.31,3.83,1,1.87,81.27,1
54.07,10.43,8,2.35,94.69,1
54.24,14.58,9,5.25,98.26,1
99.33,2.31,1,4.0,88.32,1
68.71,10.42,2,6.9,51.21,1
68.53,7.21,9,2.9,97.66,0
90.64,13.15,1,5.28,73.97,1
97.36,3.48,2,6.1,95.14,1
99.3,10.7,5,4.75,77.33,0
87.67,12.73,8,2.88,51.51,0
68.81,14.22,8,5.28,55.9,0
54.18,10.57,6,1.43,68.53,1
88.86,7.96,2,2.29,85.3,1
77.92,9.65,3,3.83,52.26,1
71.21,13.16,5,4.03,70.58,0
95.32,8.99,4,0.15,54.19,0
55.56,1.43,1,6.62,87.1,1
74.63,14.03,5,4.88,62.67,0
50.57,10.65,2,3.47,35.37,1
73.43,10.47,7,6.53,41.62,1
52.82,4.02,1,3.07,34.28,1
55.94,10.22,0,6.86,64.95,1
55.88,6.51,8,3.59,37.44,1
82.46,10.12,2,0.8,37.99,1
87.3,2.49,0,5.35,95.87,1
79.17,10.21,6,4.75,91.09,0
98.11,14.99,9,5.41,61.65,0
68.74,1.67,4,6.66,99.01,0
64.29,14.68,4,5.44,30.01,1
93.43,6.7,0,4.28,72.98,1
61.18,13.19,8,6.0,73.15,1
98.16,11.95,6,4.71,62.02,0
50.61,8.94,7,2.86,57.79,1
98.49,11.34,8,6.2,61.88,0
52.16,13.3,5,1.55,59.05,1
94.56,6.66,4,5.0,81.13,0
76.39,5.58,5,6.17,39.47,1
99.65,10.35,1,5.12,43.83,1
53.69,12.31,3,4.88,42.64,1
77.69,11.67,2,5.27,48.37,1
98.47,12.17,6,3.26,66.77,0
76.15,7.1,8,6.12,37.78,1
81.47,12.45,4,1.42,90.77,0
84.79,2.68,5,0.89,50.82,0
72.73,8.62,9,2.0,41.38,1
81.38,1.08,1,3.72,77.29,1
79.22,5.54,2,3.57,32.67,1
95.06,6.13,2,5.74,73.4,1
52.27,6.55,8,2.83,78.87,1
64.05,10.74,6,3.39,45.04,1
97.52,6.44,7,0.09,32.94,1
94.51,7.28,9,2.87,55.46,0
72.78,4.33,8,4.53,36.9,1
81.01,6.23,5,0.11,38.15,1
63.87,4.18,3,1.97,47.8,1
59.41,2.02,0,1.46,50.68,1
73.18,9.45,7,0.29,67.1,0
67.67,10.35,6,3.35,77.49,0
79.18,9.67,1,1.27,71.49,1
53.89,7.49,7,5.2,40.39,1
98.72,6.32,4,5.94,42.05,1
99.31,13.09,6,3.82,91.51,0
84.91,8.27,3,6.87,69.08,1
76.8,7.71,4,3.15,90.9,0
65.48,1.36,7,3.59,56.01,0
90.69,5.78,0,6.92,73.01,1
84.24,6.32,0,1.62,66.66,1
58.13,6.58,3,6.6,52.34,1
95.55,9.12,2,0.3,62.89,1
91.13,8.47,9,3.12,65.17,0
97.49,9.51,1,0.49,44.05,1
86.29,11.71,2,5.1,52.05,1
80.67,12.38,0,4.26,85.4,1
70.91,11.05,0,4.95,94.11,1
96.64,14.38,5,2.62,55.19,0
93.3,1.26,4,2.59,51.49,0
52.26,3.74,7,0.32,43.66,1
51.32,1.11,1,2.45,77.49,1
68.82,10.06,3,6.51,52.62,1
90.53,13.57,7,2.65,99.14,0
99.36,4.41,5,5.82,52.8,0
57.52,13.98,0,5.9,57.59,1
79.71,1.84,3,2.61,72.23,1
69.04,14.08,0,4.42,86.12,1
98.5,5.92,1,0.67,62.87,1
92.11,2.42,4,0.73,59.59,0
91.92,7.8,7,0.34,99.69,0
73.43,4.59,7,4.07,30.73,1
70.74,4.99,2,2.98,92.65,1
63.67,5.3,3,3.84,40.44,1
52.82,12.24,9,3.65,85.01,1
93.24,8.55,5,2.45,73.26,0
90.65,5.36,9,4.74,53.93,0
99.99,9.54,2,5.31,91.17,1
99.83,11.03,1,0.1,30.9,1
77.77,4.82,5,1.45,45.87,1
88.45,6.79,4,4.99,69.68,0
97.24,2.71,9,2.71,54.61,0
92.48,3.54,4,4.64,72.73,0
62.37,10.54,9,2.43,31.69,1
72.53,3.54,4,2.74,38.15,1
56.46,8.35,9,1.11,38.9,1
97.7,10.93,4,1.81,43.25,1
80.31,2.5,2,4.24,62.15,1
61.43,8.94,6,3.03,82.65,1
83.59,4.59,5,5.42,93.39,0
80.91,14.48,3,5.97,88.48,1
67.91,7.77,1,3.79,43.78,1
55.68,12.28,8,5.31,60.88,1
83.58,8.7,0,2.15,43.96,1
76.02,1.61,3,2.9,48.51,1
88.62,9.86,0,4.99,65.25,1
76.01,14.32,5,2.7,34.77,1
92.61,9.42,3,4.12,45.27,1
77.6,12.47,4,1.3,95.48,0
78.05,13.38,4,4.2,62.63,0
93.83,4.19,8,6.03,61.18,0
70.17,3.97,0,6.08,31.02,1
56.7,9.55,1,5.07,47.32,1
51.44,6.75,5,5.22,90.64,1
87.76,12.76,4,3.91,41.52,1
81.02,13.6,6,4.09,59.06,0
85.2,5.95,2,0.94,31.0,1
60.65,4.32,2,3.11,63.48,1
56.82,11.93,9,3.16,31.47,1
50.73,4.85,1,6.71,87.37,1
67.53,12.52,2,3.02,87.74,1
79.5,6.93,9,3.85,85.14,0
69.61,10.35,0,3.73,49.84,1
71.87,2.34,4,4.46,88.61,0
95.21,9.73,4,5.24,68.01,0
67.41,7.32,6,1.58,56.17,0
75.7,9.21,3,3.7,73.77,1
89.18,3.35,2,5.78,30.86,1
69.83,11.32,0,3.24,40.01,1
81.1,13.08,7,1.95,81.96,0
93.12,4.03,2,4.58,47.09,1
97.48,2.34,1,5.77,71.86,1
57.35,1.33,3,0.44,56.96,1
96.33,9.99,2,5.44,89.84,1
74.61,9.5,0,5.75,96.67,1
62.91,8.65,2,3.23,91.85,1
72.96,4.25,1,6.88,48.94,1
99.0,6.47,7,5.51,43.59,1
74.63,9.32,5,5.42,63.21,0
66.44,7.95,8,5.23,30.51,1
81.67,14.83,7,1.05,31.81,1
62.01,2.91,9,1.52,68.73,1
53.79,10.73,2,3.25,66.43,1
56.44,6.66,4,1.85,99.62,1
56.4,6.99,6,2.91,44.13,1
57.6,11.05,4,6.22,48.07,1
56.94,10.69,7,5.77,37.95,1
82.04,14.88,4,4.41,94.23,0
59.09,2.8,0,6.01,84.45,1
67.28,2.46,4,5.49,87.56,0
94.84,11.14,3,3.0,93.19,1
73.7,9.1,5,1.41,66.74,0
83.38,4.84,2,3.6,61.58,1
58.62,2.11,4,5.15,53.13,1
59.61,2.2,1,3.05,71.25,1
52.04,13.52,5,4.67,61.8,1
58.45,3.69,5,0.66,61.61,1
63.93,5.53,4,5.24,95.58,1
58.85,4.17,5,5.69,98.88,1
54.44,5.97,6,4.95,85.75,1
56.03,1.97,4,6.77,82.97,1
73.04,8.27,0,5.79,77.64,1
60.32,1.95,7,6.32,41.63,1
68.21,12.2,3,6.53,34.14,1
75.17,4.27,8,5.61,78.35,0
84.52,8.56,9,4.72,81.02,0
51.97,13.32,5,0.04,33.29,1
89.97,10.11,0,3.26,94.96,1
81.4,8.46,2,4.0,36.38,1
54.09,5.54,2,2.13,50.01,1
93.68,5.66,9,2.23,77.07,0
96.04,10.37,3,6.73,41.89,1
53.05,14.92,5,6.24,33.88,1
63.84,10.27,6,5.94,53.18,1
90.31,8.81,9,2.84,83.62,0
87.41,11.23,3,0.1,58.96,1
59.23,7.51,5,0.56,75.71,1
60.47,1.84,0,2.19,70.57,1
68.52,8.87,7,0.11,31.56,1
74.23,14.41,6,0.12,99.2,0
80.91,3.45,8,6.42,32.9,1
68.45,10.66,2,4.94,97.75,1
73.13,3.81,1,2.16,68.49,1
87.37,8.5,0,0.93,97.42,1
51.83,2.35,2,3.58,38.03,1
62.62,7.31,4,0.04,64.33,1
85.67,11.59,1,6.57,41.87,1
94.76,5.87,2,2.9,33.57,1
75.58,10.31,3,2.82,73.23,1
76.61,12.14,6,2.73,44.54,1
55.36,13.98,2,0.49,71.14,1
72.37,4.28,8,4.47,37.87,1
76.63,6.59,7,5.13,53.24,0
62.12,3.13,3,4.73,84.71,1
63.46,14.89,0,0.97,60.59,1
68.86,13.98,0,4.05,73.94,1
51.0,8.56,0,3.99,75.32,1
66.1,12.79,0,6.08,89.06,1
60.57,8.29,7,2.65,52.74,1
66.37,9.73,2,2.6,78.11,1
55.99,2.25,5,4.33,97.31,1
94.53,11.57,2,4.43,81.12,1
79.68,2.79,4,3.28,64.29,0
83.96,12.56,6,3.1,74.15,0
89.46,11.95,1,3.46,81.78,1
74.92,10.92,5,6.03,72.86,0
54.35,1.51,5,3.23,31.17,1
76.86,5.24,2,6.58,43.63,1
79.34,4.68,5,3.53,86.73,0
87.27,6.04,9,6.64,49.09,1
71.58,2.23,9,5.83,81.21,0
56.38,14.12,4,2.54,56.05,1
64.19,8.75,1,6.05,66.53,1
68.15,5.28,8,0.77,34.76,1
82.3,6.56,7,6.48,42.69,1
78.54,7.26,2,4.42,97.0,1
67.8,9.41,7,0.38,92.31,0
99.33,8.22,8,4.51,75.66,0
80.29,13.87,2,6.82,62.18,1
61.86,7.96,2,0.49,77.3,1
55.09,14.89,1,3.88,73.3,1
57.64,12.92,7,5.23,69.8,1
62.3,3.92,9,5.67,34.14,1
58.03,14.03,0,2.9,74.3,1
59.33,2.63,7,1.43,83.82,1
64.25,12.44,6,0.3,99.59,1
58.67,6.33,6,4.06,30.78,1
94.84,13.29,2,3.17,81.11,1
54.01,13.15,0,6.64,70.03,1
76.23,12.28,3,0.42,60.38,1
70.52,12.06,8,4.8,38.93,1
99.12,5.27,4,0.17,58.64,0
55.6,2.13,0,1.2,54.81,1
69.89,6.64,4,3.18,51.2,0
98.47,3.43,7,3.18,81.16,0
93.28,10.73,7,4.8,79.05,0
90.85,5.85,4,6.37,71.23,0
62.9,14.66,8,4.47,95.71,1
58.54,9.97,0,6.67,54.49,1
83.43,12.51,3,6.17,47.07,1
96.47,2.86,2,4.09,75.91,1
77.84,13.07,1,5.84,43.92,1
78.58,13.92,7,4.5,52.05,0
64.0,7.82,6,0.55,45.72,1
88.47,9.49,8,5.18,34.84,1
59.35,11.71,1,0.66,87.92,1
66.18,3.45,3,4.16,47.82,1
71.27,8.04,5,4.92,63.11,0
75.38,6.58,2,0.47,33.03,1
62.12,3.05,7,1.62,78.95,1
55.74,6.15,2,6.41,53.14,1
80.53,1.95,1,4.31,82.13,1
64.43,1.36,2,1.72,58.87,1
79.06,2.89,5,4.83,43.7,1
57.72,14.48,1,4.18,65.92,1
74.06,8.69,7,3.51,39.14,1
76.63,14.52,0,6.83,60.84,1
52.59,7.05,6,4.78,52.21,1
66.83,5.37,1,2.63,93.84,1
56.72,8.09,9,5.6,34.27,1
53.17,7.15,5,6.19,78.58,1
99.5,2.48,1,0.88,42.79,1
66.12,9.97,1,1.4,52.33,1
90.49,4.02,9,1.51,59.09,0
62.73,9.67,7,4.84,93.56,1
84.08,10.1,1,4.22,46.98,1
88.01,3.13,6,4.33,36.39,1
79.78,1.86,2,6.59,52.31,1
73.58,11.93,7,5.43,37.33,1
70.59,7.44,6,0.9,39.0,1
67.44,1.81,7,2.43,70.17,0
96.48,14.93,6,3.05,34.26,1
91.53,1.81,5,2.77,32.17,1
98.25,10.73,6,4.69,80.01,0
56.21,14.77,4,6.24,55.32,1
86.54,4.35,6,2.14,38.78,1
96.92,2.99,0,3.86,47.75,1
59.06,2.7,0,5.53,74.95,1
53.32,5.25,8,2.91,49.29,1
87.06,2.41,4,1.18,64.62,0
78.72,10.69,4,3.32,38.52,1
92.09,1.87,2,0.39,71.17,1
56.99,8.13,4,6.6,52.13,1
89.76,14.95,2,0.52,73.89,1
60.08,12.4,8,3.07,86.59,1
58.18,9.61,8,3.71,72.82,1
58.21,5.29,5,6.9,50.7,1
90.73,9.73,0,1.16,47.9,1
83.26,8.38,6,0.8,52.92,0
76.15,6.97,6,0.06,41.52,1
67.94,2.83,9,1.09,42.68,1
93.86,13.41,9,1.45,85.35,0
69.62,7.3,3,4.41,56.93,1
90.83,3.72,7,1.54,60.52,0
71.96,6.15,5,0.14,71.58,0
68.85,6.8,3,5.79,71.28,1
73.13,12.59,3,2.56,34.72,1
65.07,11.27,1,2.48,88.21,1
87.38,11.77,1,2.12,42.41,1
75.14,1.15,3,6.83,80.62,1
61.61,6.83,4,1.19,84.09,1
94.98,7.74,7,6.29,80.04,0
69.19,1.27,5,5.44,70.53,0
77.18,4.64,3,0.54,31.02,1
95.32,11.64,6,6.91,55.23,0
81.21,2.92,7,1.9,72.34,0
55.84,8.49,1,0.69,57.12,1
96.99,4.01,6,5.81,90.44,0
81.39,1.17,1,4.95,51.62,1
66.75,4.38,1,4.32,50.55,1
56.96,14.66,7,1.09,48.62,1
89.7,12.22,1,3.35,53.29,1
81.0,14.43,8,5.46,69.02,0
76.67,7.83,0,2.13,79.49,1
94.69,2.54,8,2.18,76.38,0
89.43,8.67,0,0.02,86.54,1
57.58,7.36,9,1.22,92.01,1
65.59,12.82,9,6.13,87.13,0
62.42,2.37,1,3.09,31.33,1
87.2,7.84,5,6.89,81.51,0
51.68,3.1,5,2.77,44.59,1
78.49,5.55,0,5.01,39.3,1
88.12,11.32,6,1.97,74.69,0
93.84,7.66,7,2.55,52.38,0
67.1,6.26,1,1.34,34.0,1
91.06,6.52,7,2.43,39.63,1
55.53,7.43,8,3.83,30.07,1
92.32,11.99,5,6.94,93.23,0
56.37,13.49,4,4.65,31.72,1
69.86,14.37,8,1.39,44.66,1
89.86,12.02,8,0.31,59.14,0
57.5,5.42,0,0.88,54.96,1
61.46,10.63,2,3.94,93.82,1
86.11,7.13,8,5.36,32.82,1
86.0,4.57,1,6.58,65.86,1
82.06,12.77,3,0.11,77.63,1
84.7,1.54,3,3.66,95.22,1
77.14,13.62,1,3.3,73.43,1
62.59,7.46,2,4.59,86.26,1
67.28,9.92,2,3.92,35.86,1
59.08,10.23,0,4.81,57.02,1
95.42,13.53,5,4.61,56.18,0
79.17,9.91,7,0.82,92.04,0
70.04,9.6,2,5.6,40.6,1
73.1,1.93,4,0.86,40.63,1
97.36,8.26,0,4.89,53.0,1
57.67,3.1,9,2.91,33.81,1
79.31,11.32,6,3.6,42.77,1
75.29,8.17,9,6.32,97.56,0
80.57,10.52,0,6.23,59.97,1
50.91,1.58,8,5.72,74.24,1
93.61,2.19,7,3.57,80.83,0
96.61,11.03,6,5.15,55.69,0
78.26,2.01,9,3.59,40.31,1
84.83,2.0,6,6.09,44.46,1
96.12,1.17,4,2.82,51.93,0
85.36,14.39,4,6.79,74.52,0
57.63,11.33,4,6.53,57.88,1
78.81,5.95,0,5.19,30.48,1
80.34,5.15,7,1.96,66.64,0
71.21,5.9,0,0.92,94.51,1
86.82,11.85,3,5.98,86.85,1
96.72,10.26,8,1.16,87.76,0
96.28,3.59,8,5.98,85.65,0
72.54,3.44,4,3.44,52.66,0
55.66,2.38,3,2.85,83.56,1
99.24,10.24,2,6.32,40.02,1
91.94,11.7,2,4.23,76.04,1
56.23,4.71,4,4.04,74.91,1
96.04,1.29,9,3.91,31.79,1
93.49,2.15,0,2.6,85.16,1
75.94,14.55,4,5.5,93.23,0
79.56,5.14,5,1.77,48.72,1
69.95,11.77,6,6.57,86.87,0
52.74,9.75,8,6.26,35.77,1
66.76,6.35,2,2.36,72.0,1
90.14,3.88,1,5.11,64.0,1
50.23,2.7,2,4.01,68.21,1
66.67,9.61,8,2.36,94.83,0
69.91,11.84,6,6.92,90.99,0
76.87,10.01,8,0.18,84.96,0
95.99,8.42,1,1.77,49.16,1
67.32,1.59,4,3.64,93.83,0
67.35,14.56,3,3.65,36.83,1
86.88,12.18,1,4.12,89.73,1
72.61,5.1,8,5.26,52.97,0
61.23,14.72,8,4.36,33.76,1
72.62,9.43,5,4.2,76.85,0
57.04,9.15,5,0.37,46.19,1
58.82,11.47,7,2.64,47.05,1
74.92,12.36,5,1.62,51.42,0
70.95,10.19,0,1.86,34.46,1
95.74,2.79,3,3.88,42.4,1
68.12,5.74,6,1.4,30.36,1
79.03,13.99,1,2.06,61.18,1
81.61,4.14,8,1.66,35.9,1
50.65,6.21,7,6.64,77.79,1
83.18,7.05,7,6.61,46.49,1
58.9,7.15,6,4.27,96.05,1
98.05,9.58,3,6.47,90.99,1
57.43,14.2,1,5.5,50.26,1
70.73,4.37,2,4.13,84.83,1
54.27,2.7,5,0.05,86.23,1
99.84,3.76,4,5.41,99.06,0
75.11,13.42,7,4.92,71.85,0
79.77,10.04,5,4.31,35.74,1
53.35,5.0,5,5.32,75.28,1
87.5,12.42,0,3.59,73.75,1
60.5,13.06,3,4.93,74.68,1
94.9,12.85,4,6.55,51.5,0
60.26,13.86,2,2.63,90.18,1
59.53,4.53,8,4.96,97.16,1
51.83,11.57,0,3.33,45.24,1
73.6,7.45,5,4.72,36.17,1
78.24,12.79,5,5.34,43.62,1
53.29,11.2,9,0.32,87.44,1
88.78,11.87,4,4.53,77.37,0
72.66,10.19,4,1.59,74.52,0
76.22,3.48,9,4.69,58.13,0
72.04,8.63,4,3.28,70.45,0
70.04,14.79,5,5.41,51.55,0
77.98,14.12,7,0.86,63.4,0
57.76,1.6,1,4.38,85.51,1
59.1,3.31,5,1.95,98.69,1
93.09,2.84,0,5.97,95.27,1
97.31,11.16,3,6.5,95.37,1
68.67,12.45,9,6.97,58.16,0
63.54,3.99,2,5.57,62.82,1
82.2,8.08,8,5.28,79.39,0
70.44,12.77,2,1.51,94.55,1
51.27,11.26,5,2.35,39.94,1
57.81,8.59,0,3.26,51.3,1
85.8,9.26,5,5.41,39.75,1
82.95,8.12,3,6.4,72.84,1
51.35,5.17,7,1.32,51.44,1
61.1,8.91,8,6.46,52.83,1
61.55,10.64,3,4.87,34.96,1
83.59,13.23,9,4.28,54.49,0
50.99,9.91,9,1.4,90.37,1
55.21,11.66,5,0.39,46.32,1
90.0,3.24,0,3.98,78.66,1
58.93,7.46,3,4.56,74.07,1
82.64,1.13,6,1.48,90.44,0
61.91,4.45,0,3.9,39.26,1
54.97,11.17,7,6.0,98.43,1
62.16,14.89,9,5.85,70.78,1
86.11,2.39,5,6.49,99.68,0
92.78,6.62,4,2.56,93.81,0
91.51,12.2,9,2.23,45.51,1
69.86,3.86,8,5.25,33.93,1
83.4,8.77,1,3.02,47.89,1
60.25,11.26,4,0.61,66.93,1
64.66,9.62,5,1.98,42.01,1
94.82,3.63,6,2.93,41.72,1
50.65,5.98,4,2.05,62.38,1
54.28,11.97,8,2.33,32.33,1
60.39,8.76,0,2.06,38.53,1
51.33,1.07,6,0.29,59.11,1
59.07,11.65,9,4.46,34.42,1
79.15,1.49,6,4.18,57.77,0
71.07,11.44,3,4.57,63.18,1
94.63,3.83,8,1.35,61.59,0
90.87,14.41,4,2.07,90.84,0
67.09,6.15,3,4.34,67.1,1
62.97,5.58,6,4.2,62.76,1
68.98,3.08,3,3.54,58.75,1
79.51,5.28,2,2.45,87.23,1
63.4,13.27,8,6.39,92.65,1
81.21,14.95,7,2.38,89.73,0
70.47,6.16,0,3.19,77.15,1
77.6,7.28,6,4.75,39.62,1
71.81,11.11,8,3.8,49.38,1
64.72,13.41,7,2.43,33.22,1
97.42,9.3,7,3.05,95.16,0
88.18,6.48,5,5.56,76.26,0
57.01,6.78,3,1.95,82.25,1
93.42,10.74,7,1.0,51.81,0
74.37,1.05,2,2.19,89.2,1
94.73,9.67,8,5.95,48.17,1
89.99,5.98,1,0.62,30.12,1
71.26,12.12,1,6.94,56.35,1
51.12,2.3,6,3.79,69.95,1
63.43,9.23,9,6.89,63.51,1
77.08,7.73,3,6.57,90.35,1
81.67,9.99,9,3.17,37.38,1
62.89,1.91,7,1.39,68.77,1
56.97,9.12,8,1.15,65.91,1
91.75,8.86,6,1.68,49.7,1
99.22,8.85,4,4.97,87.56,0
76.28,9.45,7,1.91,82.7,0
58.58,10.47,3,2.39,81.3,1
63.62,12.27,1,3.14,91.33,1
50.92,4.78,5,6.39,80.59,1
95.71,12.55,8,1.33,46.23,1
55.89,7.98,0,0.04,79.39,1
78.83,2.08,9,0.42,51.54,0
63.7,1.82,6,6.33,46.95,1
77.71,5.68,9,4.53,35.11,1
82.57,11.99,8,1.91,82.08,0
91.49,10.91,9,1.24,79.77,0
60.32,12.04,8,2.06,46.41,1
50.55,8.24,9,0.8,82.46,1
56.84,7.16,2,6.59,94.25,1
95.0,3.06,4,5.49,37.56,1
93.69,5.59,7,3.24,46.28,1
79.87,7.08,7,6.05,82.52,0
80.03,2.24,3,1.75,49.22,1
83.25,4.09,0,5.02,73.73,1
58.77,9.38,0,5.99,35.68,1
95.72,11.3,3,2.5,61.65,1
70.94,14.98,5,5.3,81.74,0
69.16,14.06,7,2.07,78.06,0
75.95,10.0,5,2.09,87.06,0
52.35,6.9,8,0.75,91.42,1
58.31,9.91,8,3.08,84.12,1
86.9,12.0,1,5.11,77.01,1
54.14,2.66,9,6.58,32.22,1
80.16,6.74,0,4.23,67.45,1
62.27,12.76,1,6.04,32.64,1
69.46,6.37,4,5.76,86.56,0
64.43,9.01,3,1.21,52.45,1
67.78,9.23,3,3.4,69.37,1
85.95,3.58,8,0.82,49.56,1
64.86,6.07,7,4.78,84.78,1
78.32,5.68,5,6.65,92.06,0
73.8,1.37,0,0.96,57.9,1
83.18,1.34,1,5.14,90.4,1
96.84,12.64,5,4.43,48.7,1
86.63,4.82,1,4.09,67.43,1
60.75,8.25,9,2.73,90.11,1
51.56,5.18,4,2.49,52.81,1
63.11,14.17,4,0.32,96.78,1
79.75,4.63,5,1.53,38.53,1
52.57,7.02,5,0.11,31.28,1
74.82,13.22,5,4.07,93.29,0
79.84,12.79,1,0.74,34.81,1
66.71,3.61,9,6.11,99.43,0
88.55,12.24,2,3.66,96.6,1
55.33,7.41,5,4.9,39.59,1
53.76,7.76,7,2.88,67.63,1
86.41,2.87,0,3.92,42.94,1
74.77,2.13,0,6.6,59.97,1
84.42,11.19,1,0.58,34.3,1
71.74,7.95,5,1.78,45.67,1
62.32,7.12,8,5.46,55.43,1
90.96,11.21,3,0.69,60.71,1
89.97,11.72,2,0.53,98.42,1
84.73,3.22,7,2.53,86.55,0
63.61,9.54,9,0.65,81.62,1
79.51,2.89,8,4.1,67.59,0
68.05,11.52,4,1.58,88.8,0
54.58,10.2,8,6.27,53.75,1
95.87,14.39,1,5.48,79.62,1
56.84,1.97,2,4.9,99.56,1
97.51,1.8,6,4.32,52.02,0
72.3,4.95,6,6.04,77.18,0
